<annotation>
	<folder>JPEGImages</folder>
	<filename>1.jpg</filename>
	<path>C:\Users\sanhang\Desktop\LDEG2021\JPEGImages\1.jpg</path>
	<source>
		<database>Unknown</database>
	</source>
	<size>
		<width>502</width>
		<height>447</height>
		<depth>3</depth>
	</size>
	<segmented>0</segmented>
	<object>
		<name>leading edge</name>
		<pose>Unspecified</pose>
		<truncated>0</truncated>
		<difficult>0</difficult>
		<bndbox>
			<xmin>191</xmin>
			<ymin>178</ymin>
			<xmax>227</xmax>
			<ymax>250</ymax>
		</bndbox>
	</object>
</annotation>
