<annotation>
	<folder>JPEGImages</folder>
	<filename>10.jpg</filename>
	<path>C:\Users\sanhang\Desktop\LDEG2021\JPEGImages\10.jpg</path>
	<source>
		<database>Unknown</database>
	</source>
	<size>
		<width>428</width>
		<height>479</height>
		<depth>3</depth>
	</size>
	<segmented>0</segmented>
	<object>
		<name>leading edge</name>
		<pose>Unspecified</pose>
		<truncated>0</truncated>
		<difficult>0</difficult>
		<bndbox>
			<xmin>167</xmin>
			<ymin>233</ymin>
			<xmax>256</xmax>
			<ymax>288</ymax>
		</bndbox>
	</object>
</annotation>
