<annotation>
	<folder>JPEGImages</folder>
	<filename>100.jpg</filename>
	<path>C:\Users\sanhang\Desktop\LDEG2021\JPEGImages\100.jpg</path>
	<source>
		<database>Unknown</database>
	</source>
	<size>
		<width>674</width>
		<height>663</height>
		<depth>3</depth>
	</size>
	<segmented>0</segmented>
	<object>
		<name>leading edge</name>
		<pose>Unspecified</pose>
		<truncated>0</truncated>
		<difficult>0</difficult>
		<bndbox>
			<xmin>395</xmin>
			<ymin>110</ymin>
			<xmax>441</xmax>
			<ymax>167</ymax>
		</bndbox>
	</object>
	<object>
		<name>leading edge</name>
		<pose>Unspecified</pose>
		<truncated>0</truncated>
		<difficult>0</difficult>
		<bndbox>
			<xmin>361</xmin>
			<ymin>400</ymin>
			<xmax>381</xmax>
			<ymax>427</ymax>
		</bndbox>
	</object>
</annotation>
