<annotation>
	<folder>JPEGImages</folder>
	<filename>101.jpg</filename>
	<path>C:\Users\sanhang\Desktop\LDEG2021\JPEGImages\101.jpg</path>
	<source>
		<database>Unknown</database>
	</source>
	<size>
		<width>719</width>
		<height>547</height>
		<depth>3</depth>
	</size>
	<segmented>0</segmented>
	<object>
		<name>leading edge</name>
		<pose>Unspecified</pose>
		<truncated>0</truncated>
		<difficult>0</difficult>
		<bndbox>
			<xmin>246</xmin>
			<ymin>164</ymin>
			<xmax>466</xmax>
			<ymax>257</ymax>
		</bndbox>
	</object>
</annotation>
