<annotation>
	<folder>JPEGImages</folder>
	<filename>102.jpg</filename>
	<path>C:\Users\sanhang\Desktop\LDEG2021\JPEGImages\102.jpg</path>
	<source>
		<database>Unknown</database>
	</source>
	<size>
		<width>528</width>
		<height>343</height>
		<depth>3</depth>
	</size>
	<segmented>0</segmented>
	<object>
		<name>leading edge</name>
		<pose>Unspecified</pose>
		<truncated>0</truncated>
		<difficult>0</difficult>
		<bndbox>
			<xmin>77</xmin>
			<ymin>139</ymin>
			<xmax>117</xmax>
			<ymax>166</ymax>
		</bndbox>
	</object>
	<object>
		<name>leading edge</name>
		<pose>Unspecified</pose>
		<truncated>0</truncated>
		<difficult>0</difficult>
		<bndbox>
			<xmin>240</xmin>
			<ymin>176</ymin>
			<xmax>282</xmax>
			<ymax>203</ymax>
		</bndbox>
	</object>
	<object>
		<name>leading edge</name>
		<pose>Unspecified</pose>
		<truncated>0</truncated>
		<difficult>0</difficult>
		<bndbox>
			<xmin>403</xmin>
			<ymin>213</ymin>
			<xmax>447</xmax>
			<ymax>240</ymax>
		</bndbox>
	</object>
</annotation>
