<annotation>
	<folder>JPEGImages</folder>
	<filename>103.jpg</filename>
	<path>C:\Users\sanhang\Desktop\LDEG2021\JPEGImages\103.jpg</path>
	<source>
		<database>Unknown</database>
	</source>
	<size>
		<width>647</width>
		<height>634</height>
		<depth>3</depth>
	</size>
	<segmented>0</segmented>
	<object>
		<name>leading edge</name>
		<pose>Unspecified</pose>
		<truncated>0</truncated>
		<difficult>0</difficult>
		<bndbox>
			<xmin>216</xmin>
			<ymin>121</ymin>
			<xmax>440</xmax>
			<ymax>215</ymax>
		</bndbox>
	</object>
</annotation>
