<annotation>
	<folder>JPEGImages</folder>
	<filename>104.jpg</filename>
	<path>C:\Users\sanhang\Desktop\LDEG2021\JPEGImages\104.jpg</path>
	<source>
		<database>Unknown</database>
	</source>
	<size>
		<width>495</width>
		<height>456</height>
		<depth>3</depth>
	</size>
	<segmented>0</segmented>
	<object>
		<name>leading edge</name>
		<pose>Unspecified</pose>
		<truncated>0</truncated>
		<difficult>0</difficult>
		<bndbox>
			<xmin>82</xmin>
			<ymin>171</ymin>
			<xmax>117</xmax>
			<ymax>186</ymax>
		</bndbox>
	</object>
	<object>
		<name>leading edge</name>
		<pose>Unspecified</pose>
		<truncated>0</truncated>
		<difficult>0</difficult>
		<bndbox>
			<xmin>286</xmin>
			<ymin>262</ymin>
			<xmax>330</xmax>
			<ymax>280</ymax>
		</bndbox>
	</object>
</annotation>
