<annotation>
	<folder>JPEGImages</folder>
	<filename>105.jpg</filename>
	<path>C:\Users\sanhang\Desktop\LDEG2021\JPEGImages\105.jpg</path>
	<source>
		<database>Unknown</database>
	</source>
	<size>
		<width>522</width>
		<height>567</height>
		<depth>3</depth>
	</size>
	<segmented>0</segmented>
	<object>
		<name>leading edge</name>
		<pose>Unspecified</pose>
		<truncated>0</truncated>
		<difficult>0</difficult>
		<bndbox>
			<xmin>78</xmin>
			<ymin>77</ymin>
			<xmax>122</xmax>
			<ymax>159</ymax>
		</bndbox>
	</object>
	<object>
		<name>leading edge</name>
		<pose>Unspecified</pose>
		<truncated>0</truncated>
		<difficult>0</difficult>
		<bndbox>
			<xmin>231</xmin>
			<ymin>243</ymin>
			<xmax>269</xmax>
			<ymax>334</ymax>
		</bndbox>
	</object>
	<object>
		<name>leading edge</name>
		<pose>Unspecified</pose>
		<truncated>0</truncated>
		<difficult>0</difficult>
		<bndbox>
			<xmin>379</xmin>
			<ymin>415</ymin>
			<xmax>419</xmax>
			<ymax>499</ymax>
		</bndbox>
	</object>
</annotation>
