<annotation>
	<folder>JPEGImages</folder>
	<filename>106.jpg</filename>
	<path>C:\Users\sanhang\Desktop\LDEG2021\JPEGImages\106.jpg</path>
	<source>
		<database>Unknown</database>
	</source>
	<size>
		<width>642</width>
		<height>387</height>
		<depth>3</depth>
	</size>
	<segmented>0</segmented>
	<object>
		<name>leading edge</name>
		<pose>Unspecified</pose>
		<truncated>0</truncated>
		<difficult>0</difficult>
		<bndbox>
			<xmin>520</xmin>
			<ymin>216</ymin>
			<xmax>538</xmax>
			<ymax>288</ymax>
		</bndbox>
	</object>
	<object>
		<name>leading edge</name>
		<pose>Unspecified</pose>
		<truncated>0</truncated>
		<difficult>0</difficult>
		<bndbox>
			<xmin>302</xmin>
			<ymin>190</ymin>
			<xmax>326</xmax>
			<ymax>270</ymax>
		</bndbox>
	</object>
	<object>
		<name>leading edge</name>
		<pose>Unspecified</pose>
		<truncated>0</truncated>
		<difficult>0</difficult>
		<bndbox>
			<xmin>92</xmin>
			<ymin>172</ymin>
			<xmax>115</xmax>
			<ymax>243</ymax>
		</bndbox>
	</object>
</annotation>
