<annotation>
	<folder>JPEGImages</folder>
	<filename>107.jpg</filename>
	<path>C:\Users\sanhang\Desktop\LDEG2021\JPEGImages\107.jpg</path>
	<source>
		<database>Unknown</database>
	</source>
	<size>
		<width>688</width>
		<height>662</height>
		<depth>3</depth>
	</size>
	<segmented>0</segmented>
	<object>
		<name>leading edge</name>
		<pose>Unspecified</pose>
		<truncated>0</truncated>
		<difficult>0</difficult>
		<bndbox>
			<xmin>50</xmin>
			<ymin>167</ymin>
			<xmax>66</xmax>
			<ymax>201</ymax>
		</bndbox>
	</object>
	<object>
		<name>leading edge</name>
		<pose>Unspecified</pose>
		<truncated>0</truncated>
		<difficult>0</difficult>
		<bndbox>
			<xmin>192</xmin>
			<ymin>262</ymin>
			<xmax>212</xmax>
			<ymax>297</ymax>
		</bndbox>
	</object>
	<object>
		<name>leading edge</name>
		<pose>Unspecified</pose>
		<truncated>0</truncated>
		<difficult>0</difficult>
		<bndbox>
			<xmin>315</xmin>
			<ymin>337</ymin>
			<xmax>333</xmax>
			<ymax>377</ymax>
		</bndbox>
	</object>
	<object>
		<name>leading edge</name>
		<pose>Unspecified</pose>
		<truncated>0</truncated>
		<difficult>0</difficult>
		<bndbox>
			<xmin>411</xmin>
			<ymin>402</ymin>
			<xmax>432</xmax>
			<ymax>440</ymax>
		</bndbox>
	</object>
	<object>
		<name>leading edge</name>
		<pose>Unspecified</pose>
		<truncated>0</truncated>
		<difficult>0</difficult>
		<bndbox>
			<xmin>495</xmin>
			<ymin>456</ymin>
			<xmax>514</xmax>
			<ymax>494</ymax>
		</bndbox>
	</object>
	<object>
		<name>leading edge</name>
		<pose>Unspecified</pose>
		<truncated>0</truncated>
		<difficult>0</difficult>
		<bndbox>
			<xmin>570</xmin>
			<ymin>502</ymin>
			<xmax>588</xmax>
			<ymax>534</ymax>
		</bndbox>
	</object>
</annotation>
