<annotation>
	<folder>JPEGImages</folder>
	<filename>108.jpg</filename>
	<path>C:\Users\sanhang\Desktop\LDEG2021\JPEGImages\108.jpg</path>
	<source>
		<database>Unknown</database>
	</source>
	<size>
		<width>837</width>
		<height>764</height>
		<depth>3</depth>
	</size>
	<segmented>0</segmented>
	<object>
		<name>leading edge</name>
		<pose>Unspecified</pose>
		<truncated>0</truncated>
		<difficult>0</difficult>
		<bndbox>
			<xmin>119</xmin>
			<ymin>369</ymin>
			<xmax>176</xmax>
			<ymax>498</ymax>
		</bndbox>
	</object>
	<object>
		<name>leading edge</name>
		<pose>Unspecified</pose>
		<truncated>0</truncated>
		<difficult>0</difficult>
		<bndbox>
			<xmin>706</xmin>
			<ymin>475</ymin>
			<xmax>754</xmax>
			<ymax>599</ymax>
		</bndbox>
	</object>
</annotation>
