<annotation>
	<folder>JPEGImages</folder>
	<filename>109.jpg</filename>
	<path>C:\Users\sanhang\Desktop\LDEG2021\JPEGImages\109.jpg</path>
	<source>
		<database>Unknown</database>
	</source>
	<size>
		<width>439</width>
		<height>362</height>
		<depth>3</depth>
	</size>
	<segmented>0</segmented>
	<object>
		<name>leading edge</name>
		<pose>Unspecified</pose>
		<truncated>0</truncated>
		<difficult>0</difficult>
		<bndbox>
			<xmin>229</xmin>
			<ymin>188</ymin>
			<xmax>297</xmax>
			<ymax>256</ymax>
		</bndbox>
	</object>
</annotation>
