<annotation>
	<folder>JPEGImages</folder>
	<filename>11.jpg</filename>
	<path>C:\Users\sanhang\Desktop\LDEG2021\JPEGImages\11.jpg</path>
	<source>
		<database>Unknown</database>
	</source>
	<size>
		<width>297</width>
		<height>497</height>
		<depth>3</depth>
	</size>
	<segmented>0</segmented>
	<object>
		<name>leading edge</name>
		<pose>Unspecified</pose>
		<truncated>0</truncated>
		<difficult>0</difficult>
		<bndbox>
			<xmin>157</xmin>
			<ymin>169</ymin>
			<xmax>230</xmax>
			<ymax>215</ymax>
		</bndbox>
	</object>
</annotation>
