<annotation>
	<folder>JPEGImages</folder>
	<filename>110.jpg</filename>
	<path>C:\Users\sanhang\Desktop\LDEG2021\JPEGImages\110.jpg</path>
	<source>
		<database>Unknown</database>
	</source>
	<size>
		<width>634</width>
		<height>332</height>
		<depth>3</depth>
	</size>
	<segmented>0</segmented>
	<object>
		<name>leading edge</name>
		<pose>Unspecified</pose>
		<truncated>0</truncated>
		<difficult>0</difficult>
		<bndbox>
			<xmin>368</xmin>
			<ymin>100</ymin>
			<xmax>408</xmax>
			<ymax>144</ymax>
		</bndbox>
	</object>
</annotation>
