<annotation>
	<folder>JPEGImages</folder>
	<filename>111.jpg</filename>
	<path>C:\Users\sanhang\Desktop\LDEG2021\JPEGImages\111.jpg</path>
	<source>
		<database>Unknown</database>
	</source>
	<size>
		<width>561</width>
		<height>674</height>
		<depth>3</depth>
	</size>
	<segmented>0</segmented>
	<object>
		<name>leading edge</name>
		<pose>Unspecified</pose>
		<truncated>0</truncated>
		<difficult>0</difficult>
		<bndbox>
			<xmin>382</xmin>
			<ymin>84</ymin>
			<xmax>409</xmax>
			<ymax>114</ymax>
		</bndbox>
	</object>
	<object>
		<name>leading edge</name>
		<pose>Unspecified</pose>
		<truncated>0</truncated>
		<difficult>0</difficult>
		<bndbox>
			<xmin>288</xmin>
			<ymin>196</ymin>
			<xmax>319</xmax>
			<ymax>232</ymax>
		</bndbox>
	</object>
	<object>
		<name>leading edge</name>
		<pose>Unspecified</pose>
		<truncated>0</truncated>
		<difficult>0</difficult>
		<bndbox>
			<xmin>229</xmin>
			<ymin>309</ymin>
			<xmax>255</xmax>
			<ymax>341</ymax>
		</bndbox>
	</object>
	<object>
		<name>leading edge</name>
		<pose>Unspecified</pose>
		<truncated>0</truncated>
		<difficult>0</difficult>
		<bndbox>
			<xmin>192</xmin>
			<ymin>421</ymin>
			<xmax>222</xmax>
			<ymax>457</ymax>
		</bndbox>
	</object>
	<object>
		<name>leading edge</name>
		<pose>Unspecified</pose>
		<truncated>0</truncated>
		<difficult>0</difficult>
		<bndbox>
			<xmin>184</xmin>
			<ymin>532</ymin>
			<xmax>215</xmax>
			<ymax>566</ymax>
		</bndbox>
	</object>
	<object>
		<name>leading edge</name>
		<pose>Unspecified</pose>
		<truncated>0</truncated>
		<difficult>0</difficult>
		<bndbox>
			<xmin>222</xmin>
			<ymin>619</ymin>
			<xmax>255</xmax>
			<ymax>653</ymax>
		</bndbox>
	</object>
</annotation>
