<annotation>
	<folder>JPEGImages</folder>
	<filename>113.jpg</filename>
	<path>C:\Users\sanhang\Desktop\LDEG2021\JPEGImages\113.jpg</path>
	<source>
		<database>Unknown</database>
	</source>
	<size>
		<width>775</width>
		<height>646</height>
		<depth>3</depth>
	</size>
	<segmented>0</segmented>
	<object>
		<name>leading edge</name>
		<pose>Unspecified</pose>
		<truncated>0</truncated>
		<difficult>0</difficult>
		<bndbox>
			<xmin>217</xmin>
			<ymin>445</ymin>
			<xmax>243</xmax>
			<ymax>461</ymax>
		</bndbox>
	</object>
	<object>
		<name>leading edge</name>
		<pose>Unspecified</pose>
		<truncated>0</truncated>
		<difficult>0</difficult>
		<bndbox>
			<xmin>363</xmin>
			<ymin>317</ymin>
			<xmax>391</xmax>
			<ymax>334</ymax>
		</bndbox>
	</object>
	<object>
		<name>leading edge</name>
		<pose>Unspecified</pose>
		<truncated>0</truncated>
		<difficult>0</difficult>
		<bndbox>
			<xmin>521</xmin>
			<ymin>197</ymin>
			<xmax>546</xmax>
			<ymax>214</ymax>
		</bndbox>
	</object>
	<object>
		<name>leading edge</name>
		<pose>Unspecified</pose>
		<truncated>0</truncated>
		<difficult>0</difficult>
		<bndbox>
			<xmin>692</xmin>
			<ymin>90</ymin>
			<xmax>716</xmax>
			<ymax>106</ymax>
		</bndbox>
	</object>
</annotation>
