<annotation>
	<folder>JPEGImages</folder>
	<filename>115.jpg</filename>
	<path>C:\Users\sanhang\Desktop\LDEG2021\JPEGImages\115.jpg</path>
	<source>
		<database>Unknown</database>
	</source>
	<size>
		<width>646</width>
		<height>627</height>
		<depth>3</depth>
	</size>
	<segmented>0</segmented>
	<object>
		<name>leading edge</name>
		<pose>Unspecified</pose>
		<truncated>0</truncated>
		<difficult>0</difficult>
		<bndbox>
			<xmin>88</xmin>
			<ymin>59</ymin>
			<xmax>136</xmax>
			<ymax>98</ymax>
		</bndbox>
	</object>
	<object>
		<name>leading edge</name>
		<pose>Unspecified</pose>
		<truncated>0</truncated>
		<difficult>0</difficult>
		<bndbox>
			<xmin>473</xmin>
			<ymin>360</ymin>
			<xmax>537</xmax>
			<ymax>419</ymax>
		</bndbox>
	</object>
</annotation>
