<annotation>
	<folder>JPEGImages</folder>
	<filename>116.jpg</filename>
	<path>C:\Users\sanhang\Desktop\LDEG2021\JPEGImages\116.jpg</path>
	<source>
		<database>Unknown</database>
	</source>
	<size>
		<width>677</width>
		<height>748</height>
		<depth>3</depth>
	</size>
	<segmented>0</segmented>
	<object>
		<name>leading edge</name>
		<pose>Unspecified</pose>
		<truncated>0</truncated>
		<difficult>0</difficult>
		<bndbox>
			<xmin>69</xmin>
			<ymin>99</ymin>
			<xmax>94</xmax>
			<ymax>118</ymax>
		</bndbox>
	</object>
	<object>
		<name>leading edge</name>
		<pose>Unspecified</pose>
		<truncated>0</truncated>
		<difficult>0</difficult>
		<bndbox>
			<xmin>228</xmin>
			<ymin>191</ymin>
			<xmax>255</xmax>
			<ymax>216</ymax>
		</bndbox>
	</object>
	<object>
		<name>leading edge</name>
		<pose>Unspecified</pose>
		<truncated>0</truncated>
		<difficult>0</difficult>
		<bndbox>
			<xmin>386</xmin>
			<ymin>278</ymin>
			<xmax>411</xmax>
			<ymax>298</ymax>
		</bndbox>
	</object>
	<object>
		<name>leading edge</name>
		<pose>Unspecified</pose>
		<truncated>0</truncated>
		<difficult>0</difficult>
		<bndbox>
			<xmin>543</xmin>
			<ymin>365</ymin>
			<xmax>573</xmax>
			<ymax>385</ymax>
		</bndbox>
	</object>
</annotation>
