<annotation>
	<folder>JPEGImages</folder>
	<filename>117.jpg</filename>
	<path>C:\Users\sanhang\Desktop\LDEG2021\JPEGImages\117.jpg</path>
	<source>
		<database>Unknown</database>
	</source>
	<size>
		<width>489</width>
		<height>604</height>
		<depth>3</depth>
	</size>
	<segmented>0</segmented>
	<object>
		<name>leading edge</name>
		<pose>Unspecified</pose>
		<truncated>0</truncated>
		<difficult>0</difficult>
		<bndbox>
			<xmin>46</xmin>
			<ymin>90</ymin>
			<xmax>98</xmax>
			<ymax>126</ymax>
		</bndbox>
	</object>
	<object>
		<name>leading edge</name>
		<pose>Unspecified</pose>
		<truncated>0</truncated>
		<difficult>0</difficult>
		<bndbox>
			<xmin>206</xmin>
			<ymin>277</ymin>
			<xmax>255</xmax>
			<ymax>311</ymax>
		</bndbox>
	</object>
	<object>
		<name>leading edge</name>
		<pose>Unspecified</pose>
		<truncated>0</truncated>
		<difficult>0</difficult>
		<bndbox>
			<xmin>364</xmin>
			<ymin>462</ymin>
			<xmax>406</xmax>
			<ymax>489</ymax>
		</bndbox>
	</object>
</annotation>
