<annotation>
	<folder>JPEGImages</folder>
	<filename>118.jpg</filename>
	<path>C:\Users\sanhang\Desktop\LDEG2021\JPEGImages\118.jpg</path>
	<source>
		<database>Unknown</database>
	</source>
	<size>
		<width>458</width>
		<height>374</height>
		<depth>3</depth>
	</size>
	<segmented>0</segmented>
	<object>
		<name>leading edge</name>
		<pose>Unspecified</pose>
		<truncated>0</truncated>
		<difficult>0</difficult>
		<bndbox>
			<xmin>182</xmin>
			<ymin>42</ymin>
			<xmax>232</xmax>
			<ymax>93</ymax>
		</bndbox>
	</object>
	<object>
		<name>leading edge</name>
		<pose>Unspecified</pose>
		<truncated>0</truncated>
		<difficult>0</difficult>
		<bndbox>
			<xmin>231</xmin>
			<ymin>246</ymin>
			<xmax>278</xmax>
			<ymax>297</ymax>
		</bndbox>
	</object>
</annotation>
