<annotation>
	<folder>JPEGImages</folder>
	<filename>119.jpg</filename>
	<path>C:\Users\sanhang\Desktop\LDEG2021\JPEGImages\119.jpg</path>
	<source>
		<database>Unknown</database>
	</source>
	<size>
		<width>1176</width>
		<height>671</height>
		<depth>3</depth>
	</size>
	<segmented>0</segmented>
	<object>
		<name>leading edge</name>
		<pose>Unspecified</pose>
		<truncated>0</truncated>
		<difficult>0</difficult>
		<bndbox>
			<xmin>91</xmin>
			<ymin>108</ymin>
			<xmax>127</xmax>
			<ymax>148</ymax>
		</bndbox>
	</object>
	<object>
		<name>leading edge</name>
		<pose>Unspecified</pose>
		<truncated>0</truncated>
		<difficult>0</difficult>
		<bndbox>
			<xmin>287</xmin>
			<ymin>150</ymin>
			<xmax>323</xmax>
			<ymax>194</ymax>
		</bndbox>
	</object>
	<object>
		<name>leading edge</name>
		<pose>Unspecified</pose>
		<truncated>0</truncated>
		<difficult>0</difficult>
		<bndbox>
			<xmin>517</xmin>
			<ymin>201</ymin>
			<xmax>555</xmax>
			<ymax>256</ymax>
		</bndbox>
	</object>
	<object>
		<name>leading edge</name>
		<pose>Unspecified</pose>
		<truncated>0</truncated>
		<difficult>0</difficult>
		<bndbox>
			<xmin>744</xmin>
			<ymin>248</ymin>
			<xmax>782</xmax>
			<ymax>294</ymax>
		</bndbox>
	</object>
	<object>
		<name>leading edge</name>
		<pose>Unspecified</pose>
		<truncated>0</truncated>
		<difficult>0</difficult>
		<bndbox>
			<xmin>1007</xmin>
			<ymin>306</ymin>
			<xmax>1044</xmax>
			<ymax>347</ymax>
		</bndbox>
	</object>
</annotation>
