<annotation>
	<folder>JPEGImages</folder>
	<filename>12.jpg</filename>
	<path>C:\Users\sanhang\Desktop\LDEG2021\JPEGImages\12.jpg</path>
	<source>
		<database>Unknown</database>
	</source>
	<size>
		<width>247</width>
		<height>366</height>
		<depth>3</depth>
	</size>
	<segmented>0</segmented>
	<object>
		<name>leading edge</name>
		<pose>Unspecified</pose>
		<truncated>0</truncated>
		<difficult>0</difficult>
		<bndbox>
			<xmin>115</xmin>
			<ymin>26</ymin>
			<xmax>177</xmax>
			<ymax>62</ymax>
		</bndbox>
	</object>
</annotation>
