<annotation>
	<folder>JPEGImages</folder>
	<filename>120.jpg</filename>
	<path>C:\Users\sanhang\Desktop\LDEG2021\JPEGImages\120.jpg</path>
	<source>
		<database>Unknown</database>
	</source>
	<size>
		<width>662</width>
		<height>483</height>
		<depth>3</depth>
	</size>
	<segmented>0</segmented>
	<object>
		<name>leading edge</name>
		<pose>Unspecified</pose>
		<truncated>0</truncated>
		<difficult>0</difficult>
		<bndbox>
			<xmin>69</xmin>
			<ymin>98</ymin>
			<xmax>90</xmax>
			<ymax>116</ymax>
		</bndbox>
	</object>
	<object>
		<name>leading edge</name>
		<pose>Unspecified</pose>
		<truncated>0</truncated>
		<difficult>0</difficult>
		<bndbox>
			<xmin>234</xmin>
			<ymin>137</ymin>
			<xmax>258</xmax>
			<ymax>154</ymax>
		</bndbox>
	</object>
	<object>
		<name>leading edge</name>
		<pose>Unspecified</pose>
		<truncated>0</truncated>
		<difficult>0</difficult>
		<bndbox>
			<xmin>366</xmin>
			<ymin>169</ymin>
			<xmax>388</xmax>
			<ymax>188</ymax>
		</bndbox>
	</object>
	<object>
		<name>leading edge</name>
		<pose>Unspecified</pose>
		<truncated>0</truncated>
		<difficult>0</difficult>
		<bndbox>
			<xmin>481</xmin>
			<ymin>199</ymin>
			<xmax>507</xmax>
			<ymax>219</ymax>
		</bndbox>
	</object>
</annotation>
