<annotation>
	<folder>JPEGImages</folder>
	<filename>121.jpg</filename>
	<path>C:\Users\sanhang\Desktop\LDEG2021\JPEGImages\121.jpg</path>
	<source>
		<database>Unknown</database>
	</source>
	<size>
		<width>773</width>
		<height>861</height>
		<depth>3</depth>
	</size>
	<segmented>0</segmented>
	<object>
		<name>leading edge</name>
		<pose>Unspecified</pose>
		<truncated>0</truncated>
		<difficult>0</difficult>
		<bndbox>
			<xmin>353</xmin>
			<ymin>114</ymin>
			<xmax>422</xmax>
			<ymax>181</ymax>
		</bndbox>
	</object>
	<object>
		<name>leading edge</name>
		<pose>Unspecified</pose>
		<truncated>0</truncated>
		<difficult>0</difficult>
		<bndbox>
			<xmin>264</xmin>
			<ymin>362</ymin>
			<xmax>329</xmax>
			<ymax>434</ymax>
		</bndbox>
	</object>
	<object>
		<name>leading edge</name>
		<pose>Unspecified</pose>
		<truncated>0</truncated>
		<difficult>0</difficult>
		<bndbox>
			<xmin>154</xmin>
			<ymin>668</ymin>
			<xmax>236</xmax>
			<ymax>746</ymax>
		</bndbox>
	</object>
</annotation>
