<annotation>
	<folder>JPEGImages</folder>
	<filename>122.jpg</filename>
	<path>C:\Users\sanhang\Desktop\LDEG2021\JPEGImages\122.jpg</path>
	<source>
		<database>Unknown</database>
	</source>
	<size>
		<width>654</width>
		<height>802</height>
		<depth>3</depth>
	</size>
	<segmented>0</segmented>
	<object>
		<name>leading edge</name>
		<pose>Unspecified</pose>
		<truncated>0</truncated>
		<difficult>0</difficult>
		<bndbox>
			<xmin>353</xmin>
			<ymin>232</ymin>
			<xmax>378</xmax>
			<ymax>258</ymax>
		</bndbox>
	</object>
	<object>
		<name>leading edge</name>
		<pose>Unspecified</pose>
		<truncated>0</truncated>
		<difficult>0</difficult>
		<bndbox>
			<xmin>287</xmin>
			<ymin>468</ymin>
			<xmax>313</xmax>
			<ymax>496</ymax>
		</bndbox>
	</object>
	<object>
		<name>leading edge</name>
		<pose>Unspecified</pose>
		<truncated>0</truncated>
		<difficult>0</difficult>
		<bndbox>
			<xmin>219</xmin>
			<ymin>737</ymin>
			<xmax>250</xmax>
			<ymax>762</ymax>
		</bndbox>
	</object>
</annotation>
