<annotation>
	<folder>JPEGImages</folder>
	<filename>123.jpg</filename>
	<path>C:\Users\sanhang\Desktop\LDEG2021\JPEGImages\123.jpg</path>
	<source>
		<database>Unknown</database>
	</source>
	<size>
		<width>1055</width>
		<height>419</height>
		<depth>3</depth>
	</size>
	<segmented>0</segmented>
	<object>
		<name>leading edge</name>
		<pose>Unspecified</pose>
		<truncated>0</truncated>
		<difficult>0</difficult>
		<bndbox>
			<xmin>72</xmin>
			<ymin>143</ymin>
			<xmax>92</xmax>
			<ymax>161</ymax>
		</bndbox>
	</object>
	<object>
		<name>leading edge</name>
		<pose>Unspecified</pose>
		<truncated>0</truncated>
		<difficult>0</difficult>
		<bndbox>
			<xmin>262</xmin>
			<ymin>221</ymin>
			<xmax>283</xmax>
			<ymax>239</ymax>
		</bndbox>
	</object>
	<object>
		<name>leading edge</name>
		<pose>Unspecified</pose>
		<truncated>0</truncated>
		<difficult>0</difficult>
		<bndbox>
			<xmin>462</xmin>
			<ymin>286</ymin>
			<xmax>487</xmax>
			<ymax>303</ymax>
		</bndbox>
	</object>
	<object>
		<name>leading edge</name>
		<pose>Unspecified</pose>
		<truncated>0</truncated>
		<difficult>0</difficult>
		<bndbox>
			<xmin>680</xmin>
			<ymin>333</ymin>
			<xmax>700</xmax>
			<ymax>352</ymax>
		</bndbox>
	</object>
	<object>
		<name>leading edge</name>
		<pose>Unspecified</pose>
		<truncated>0</truncated>
		<difficult>0</difficult>
		<bndbox>
			<xmin>909</xmin>
			<ymin>364</ymin>
			<xmax>931</xmax>
			<ymax>383</ymax>
		</bndbox>
	</object>
</annotation>
