<annotation>
	<folder>JPEGImages</folder>
	<filename>124.jpg</filename>
	<path>C:\Users\sanhang\Desktop\LDEG2021\JPEGImages\124.jpg</path>
	<source>
		<database>Unknown</database>
	</source>
	<size>
		<width>879</width>
		<height>630</height>
		<depth>3</depth>
	</size>
	<segmented>0</segmented>
	<object>
		<name>leading edge</name>
		<pose>Unspecified</pose>
		<truncated>0</truncated>
		<difficult>0</difficult>
		<bndbox>
			<xmin>117</xmin>
			<ymin>315</ymin>
			<xmax>175</xmax>
			<ymax>359</ymax>
		</bndbox>
	</object>
	<object>
		<name>leading edge</name>
		<pose>Unspecified</pose>
		<truncated>0</truncated>
		<difficult>0</difficult>
		<bndbox>
			<xmin>275</xmin>
			<ymin>355</ymin>
			<xmax>332</xmax>
			<ymax>400</ymax>
		</bndbox>
	</object>
	<object>
		<name>leading edge</name>
		<pose>Unspecified</pose>
		<truncated>0</truncated>
		<difficult>0</difficult>
		<bndbox>
			<xmin>460</xmin>
			<ymin>350</ymin>
			<xmax>520</xmax>
			<ymax>394</ymax>
		</bndbox>
	</object>
	<object>
		<name>leading edge</name>
		<pose>Unspecified</pose>
		<truncated>0</truncated>
		<difficult>0</difficult>
		<bndbox>
			<xmin>685</xmin>
			<ymin>274</ymin>
			<xmax>748</xmax>
			<ymax>328</ymax>
		</bndbox>
	</object>
</annotation>
