<annotation>
	<folder>JPEGImages</folder>
	<filename>125.jpg</filename>
	<path>C:\Users\sanhang\Desktop\LDEG2021\JPEGImages\125.jpg</path>
	<source>
		<database>Unknown</database>
	</source>
	<size>
		<width>633</width>
		<height>510</height>
		<depth>3</depth>
	</size>
	<segmented>0</segmented>
	<object>
		<name>leading edge</name>
		<pose>Unspecified</pose>
		<truncated>0</truncated>
		<difficult>0</difficult>
		<bndbox>
			<xmin>113</xmin>
			<ymin>259</ymin>
			<xmax>170</xmax>
			<ymax>305</ymax>
		</bndbox>
	</object>
	<object>
		<name>leading edge</name>
		<pose>Unspecified</pose>
		<truncated>0</truncated>
		<difficult>0</difficult>
		<bndbox>
			<xmin>430</xmin>
			<ymin>153</ymin>
			<xmax>485</xmax>
			<ymax>200</ymax>
		</bndbox>
	</object>
</annotation>
