<annotation>
	<folder>JPEGImages</folder>
	<filename>126.jpg</filename>
	<path>C:\Users\sanhang\Desktop\LDEG2021\JPEGImages\126.jpg</path>
	<source>
		<database>Unknown</database>
	</source>
	<size>
		<width>628</width>
		<height>600</height>
		<depth>3</depth>
	</size>
	<segmented>0</segmented>
	<object>
		<name>leading edge</name>
		<pose>Unspecified</pose>
		<truncated>0</truncated>
		<difficult>0</difficult>
		<bndbox>
			<xmin>153</xmin>
			<ymin>125</ymin>
			<xmax>183</xmax>
			<ymax>163</ymax>
		</bndbox>
	</object>
	<object>
		<name>leading edge</name>
		<pose>Unspecified</pose>
		<truncated>0</truncated>
		<difficult>0</difficult>
		<bndbox>
			<xmin>250</xmin>
			<ymin>321</ymin>
			<xmax>286</xmax>
			<ymax>365</ymax>
		</bndbox>
	</object>
	<object>
		<name>leading edge</name>
		<pose>Unspecified</pose>
		<truncated>0</truncated>
		<difficult>0</difficult>
		<bndbox>
			<xmin>341</xmin>
			<ymin>505</ymin>
			<xmax>378</xmax>
			<ymax>546</ymax>
		</bndbox>
	</object>
</annotation>
