<annotation>
	<folder>JPEGImages</folder>
	<filename>127.jpg</filename>
	<path>C:\Users\sanhang\Desktop\LDEG2021\JPEGImages\127.jpg</path>
	<source>
		<database>Unknown</database>
	</source>
	<size>
		<width>454</width>
		<height>405</height>
		<depth>3</depth>
	</size>
	<segmented>0</segmented>
	<object>
		<name>leading edge</name>
		<pose>Unspecified</pose>
		<truncated>0</truncated>
		<difficult>0</difficult>
		<bndbox>
			<xmin>125</xmin>
			<ymin>233</ymin>
			<xmax>142</xmax>
			<ymax>260</ymax>
		</bndbox>
	</object>
	<object>
		<name>leading edge</name>
		<pose>Unspecified</pose>
		<truncated>0</truncated>
		<difficult>0</difficult>
		<bndbox>
			<xmin>210</xmin>
			<ymin>332</ymin>
			<xmax>231</xmax>
			<ymax>366</ymax>
		</bndbox>
	</object>
</annotation>
