<annotation>
	<folder>JPEGImages</folder>
	<filename>129.jpg</filename>
	<path>C:\Users\sanhang\Desktop\LDEG2021\JPEGImages\129.jpg</path>
	<source>
		<database>Unknown</database>
	</source>
	<size>
		<width>729</width>
		<height>513</height>
		<depth>3</depth>
	</size>
	<segmented>0</segmented>
	<object>
		<name>leading edge</name>
		<pose>Unspecified</pose>
		<truncated>0</truncated>
		<difficult>0</difficult>
		<bndbox>
			<xmin>398</xmin>
			<ymin>320</ymin>
			<xmax>419</xmax>
			<ymax>340</ymax>
		</bndbox>
	</object>
	<object>
		<name>leading edge</name>
		<pose>Unspecified</pose>
		<truncated>0</truncated>
		<difficult>0</difficult>
		<bndbox>
			<xmin>421</xmin>
			<ymin>243</ymin>
			<xmax>438</xmax>
			<ymax>263</ymax>
		</bndbox>
	</object>
	<object>
		<name>leading edge</name>
		<pose>Unspecified</pose>
		<truncated>0</truncated>
		<difficult>0</difficult>
		<bndbox>
			<xmin>440</xmin>
			<ymin>151</ymin>
			<xmax>465</xmax>
			<ymax>171</ymax>
		</bndbox>
	</object>
	<object>
		<name>leading edge</name>
		<pose>Unspecified</pose>
		<truncated>0</truncated>
		<difficult>0</difficult>
		<bndbox>
			<xmin>467</xmin>
			<ymin>42</ymin>
			<xmax>491</xmax>
			<ymax>66</ymax>
		</bndbox>
	</object>
</annotation>
