<annotation>
	<folder>JPEGImages</folder>
	<filename>13.jpg</filename>
	<path>C:\Users\sanhang\Desktop\LDEG2021\JPEGImages\13.jpg</path>
	<source>
		<database>Unknown</database>
	</source>
	<size>
		<width>526</width>
		<height>381</height>
		<depth>3</depth>
	</size>
	<segmented>0</segmented>
	<object>
		<name>leading edge</name>
		<pose>Unspecified</pose>
		<truncated>0</truncated>
		<difficult>0</difficult>
		<bndbox>
			<xmin>94</xmin>
			<ymin>80</ymin>
			<xmax>152</xmax>
			<ymax>110</ymax>
		</bndbox>
	</object>
	<object>
		<name>leading edge</name>
		<pose>Unspecified</pose>
		<truncated>0</truncated>
		<difficult>0</difficult>
		<bndbox>
			<xmin>179</xmin>
			<ymin>84</ymin>
			<xmax>246</xmax>
			<ymax>125</ymax>
		</bndbox>
	</object>
	<object>
		<name>leading edge</name>
		<pose>Unspecified</pose>
		<truncated>0</truncated>
		<difficult>0</difficult>
		<bndbox>
			<xmin>272</xmin>
			<ymin>89</ymin>
			<xmax>331</xmax>
			<ymax>117</ymax>
		</bndbox>
	</object>
	<object>
		<name>leading edge</name>
		<pose>Unspecified</pose>
		<truncated>0</truncated>
		<difficult>0</difficult>
		<bndbox>
			<xmin>381</xmin>
			<ymin>102</ymin>
			<xmax>440</xmax>
			<ymax>128</ymax>
		</bndbox>
	</object>
</annotation>
