<annotation>
	<folder>JPEGImages</folder>
	<filename>132.jpg</filename>
	<path>C:\Users\sanhang\Desktop\JPEGImages\132.jpg</path>
	<source>
		<database>Unknown</database>
	</source>
	<size>
		<width>914</width>
		<height>514</height>
		<depth>3</depth>
	</size>
	<segmented>0</segmented>
	<object>
		<name>leading edge</name>
		<pose>Unspecified</pose>
		<truncated>0</truncated>
		<difficult>0</difficult>
		<bndbox>
			<xmin>174</xmin>
			<ymin>149</ymin>
			<xmax>232</xmax>
			<ymax>180</ymax>
		</bndbox>
	</object>
	<object>
		<name>leading edge</name>
		<pose>Unspecified</pose>
		<truncated>0</truncated>
		<difficult>0</difficult>
		<bndbox>
			<xmin>426</xmin>
			<ymin>136</ymin>
			<xmax>481</xmax>
			<ymax>177</ymax>
		</bndbox>
	</object>
	<object>
		<name>leading edge</name>
		<pose>Unspecified</pose>
		<truncated>0</truncated>
		<difficult>0</difficult>
		<bndbox>
			<xmin>734</xmin>
			<ymin>139</ymin>
			<xmax>799</xmax>
			<ymax>176</ymax>
		</bndbox>
	</object>
</annotation>
