<annotation>
	<folder>JPEGImages</folder>
	<filename>134.jpg</filename>
	<path>C:\Users\sanhang\Desktop\JPEGImages\134.jpg</path>
	<source>
		<database>Unknown</database>
	</source>
	<size>
		<width>659</width>
		<height>421</height>
		<depth>3</depth>
	</size>
	<segmented>0</segmented>
	<object>
		<name>leading edge</name>
		<pose>Unspecified</pose>
		<truncated>0</truncated>
		<difficult>0</difficult>
		<bndbox>
			<xmin>299</xmin>
			<ymin>149</ymin>
			<xmax>332</xmax>
			<ymax>185</ymax>
		</bndbox>
	</object>
	<object>
		<name>leading edge</name>
		<pose>Unspecified</pose>
		<truncated>0</truncated>
		<difficult>0</difficult>
		<bndbox>
			<xmin>533</xmin>
			<ymin>244</ymin>
			<xmax>569</xmax>
			<ymax>283</ymax>
		</bndbox>
	</object>
</annotation>
