<annotation>
	<folder>JPEGImages</folder>
	<filename>135.jpg</filename>
	<path>C:\Users\sanhang\Desktop\JPEGImages\135.jpg</path>
	<source>
		<database>Unknown</database>
	</source>
	<size>
		<width>908</width>
		<height>769</height>
		<depth>3</depth>
	</size>
	<segmented>0</segmented>
	<object>
		<name>leading edge</name>
		<pose>Unspecified</pose>
		<truncated>0</truncated>
		<difficult>0</difficult>
		<bndbox>
			<xmin>400</xmin>
			<ymin>246</ymin>
			<xmax>435</xmax>
			<ymax>324</ymax>
		</bndbox>
	</object>
	<object>
		<name>leading edge</name>
		<pose>Unspecified</pose>
		<truncated>0</truncated>
		<difficult>0</difficult>
		<bndbox>
			<xmin>611</xmin>
			<ymin>539</ymin>
			<xmax>652</xmax>
			<ymax>620</ymax>
		</bndbox>
	</object>
</annotation>
