<annotation>
	<folder>JPEGImages</folder>
	<filename>136.jpg</filename>
	<path>C:\Users\sanhang\Desktop\JPEGImages\136.jpg</path>
	<source>
		<database>Unknown</database>
	</source>
	<size>
		<width>559</width>
		<height>670</height>
		<depth>3</depth>
	</size>
	<segmented>0</segmented>
	<object>
		<name>leading edge</name>
		<pose>Unspecified</pose>
		<truncated>0</truncated>
		<difficult>0</difficult>
		<bndbox>
			<xmin>223</xmin>
			<ymin>121</ymin>
			<xmax>245</xmax>
			<ymax>163</ymax>
		</bndbox>
	</object>
	<object>
		<name>leading edge</name>
		<pose>Unspecified</pose>
		<truncated>0</truncated>
		<difficult>0</difficult>
		<bndbox>
			<xmin>283</xmin>
			<ymin>255</ymin>
			<xmax>310</xmax>
			<ymax>298</ymax>
		</bndbox>
	</object>
	<object>
		<name>leading edge</name>
		<pose>Unspecified</pose>
		<truncated>0</truncated>
		<difficult>0</difficult>
		<bndbox>
			<xmin>306</xmin>
			<ymin>396</ymin>
			<xmax>333</xmax>
			<ymax>443</ymax>
		</bndbox>
	</object>
	<object>
		<name>leading edge</name>
		<pose>Unspecified</pose>
		<truncated>0</truncated>
		<difficult>0</difficult>
		<bndbox>
			<xmin>304</xmin>
			<ymin>560</ymin>
			<xmax>326</xmax>
			<ymax>605</ymax>
		</bndbox>
	</object>
</annotation>
