<annotation>
	<folder>JPEGImages</folder>
	<filename>137.jpg</filename>
	<path>C:\Users\sanhang\Desktop\JPEGImages\137.jpg</path>
	<source>
		<database>Unknown</database>
	</source>
	<size>
		<width>811</width>
		<height>612</height>
		<depth>3</depth>
	</size>
	<segmented>0</segmented>
	<object>
		<name>leading edge</name>
		<pose>Unspecified</pose>
		<truncated>0</truncated>
		<difficult>0</difficult>
		<bndbox>
			<xmin>150</xmin>
			<ymin>97</ymin>
			<xmax>191</xmax>
			<ymax>131</ymax>
		</bndbox>
	</object>
	<object>
		<name>leading edge</name>
		<pose>Unspecified</pose>
		<truncated>0</truncated>
		<difficult>0</difficult>
		<bndbox>
			<xmin>439</xmin>
			<ymin>168</ymin>
			<xmax>480</xmax>
			<ymax>208</ymax>
		</bndbox>
	</object>
	<object>
		<name>leading edge</name>
		<pose>Unspecified</pose>
		<truncated>0</truncated>
		<difficult>0</difficult>
		<bndbox>
			<xmin>714</xmin>
			<ymin>290</ymin>
			<xmax>758</xmax>
			<ymax>328</ymax>
		</bndbox>
	</object>
</annotation>
