<annotation>
	<folder>JPEGImages</folder>
	<filename>138.jpg</filename>
	<path>C:\Users\sanhang\Desktop\JPEGImages\138.jpg</path>
	<source>
		<database>Unknown</database>
	</source>
	<size>
		<width>432</width>
		<height>356</height>
		<depth>3</depth>
	</size>
	<segmented>0</segmented>
	<object>
		<name>leading edge</name>
		<pose>Unspecified</pose>
		<truncated>0</truncated>
		<difficult>0</difficult>
		<bndbox>
			<xmin>221</xmin>
			<ymin>143</ymin>
			<xmax>254</xmax>
			<ymax>173</ymax>
		</bndbox>
	</object>
</annotation>
