<annotation>
	<folder>JPEGImages</folder>
	<filename>142.jpg</filename>
	<path>C:\Users\sanhang\Desktop\JPEGImages\142.jpg</path>
	<source>
		<database>Unknown</database>
	</source>
	<size>
		<width>455</width>
		<height>518</height>
		<depth>3</depth>
	</size>
	<segmented>0</segmented>
	<object>
		<name>leading edge</name>
		<pose>Unspecified</pose>
		<truncated>0</truncated>
		<difficult>0</difficult>
		<bndbox>
			<xmin>126</xmin>
			<ymin>126</ymin>
			<xmax>162</xmax>
			<ymax>166</ymax>
		</bndbox>
	</object>
	<object>
		<name>leading edge</name>
		<pose>Unspecified</pose>
		<truncated>0</truncated>
		<difficult>0</difficult>
		<bndbox>
			<xmin>188</xmin>
			<ymin>375</ymin>
			<xmax>227</xmax>
			<ymax>417</ymax>
		</bndbox>
	</object>
</annotation>
