<annotation>
	<folder>JPEGImages</folder>
	<filename>144.jpg</filename>
	<path>C:\Users\sanhang\Desktop\JPEGImages\144.jpg</path>
	<source>
		<database>Unknown</database>
	</source>
	<size>
		<width>1031</width>
		<height>713</height>
		<depth>3</depth>
	</size>
	<segmented>0</segmented>
	<object>
		<name>leading edge</name>
		<pose>Unspecified</pose>
		<truncated>0</truncated>
		<difficult>0</difficult>
		<bndbox>
			<xmin>255</xmin>
			<ymin>139</ymin>
			<xmax>302</xmax>
			<ymax>173</ymax>
		</bndbox>
	</object>
	<object>
		<name>leading edge</name>
		<pose>Unspecified</pose>
		<truncated>0</truncated>
		<difficult>0</difficult>
		<bndbox>
			<xmin>559</xmin>
			<ymin>192</ymin>
			<xmax>617</xmax>
			<ymax>249</ymax>
		</bndbox>
	</object>
	<object>
		<name>leading edge</name>
		<pose>Unspecified</pose>
		<truncated>0</truncated>
		<difficult>0</difficult>
		<bndbox>
			<xmin>900</xmin>
			<ymin>187</ymin>
			<xmax>954</xmax>
			<ymax>228</ymax>
		</bndbox>
	</object>
</annotation>
