<annotation>
	<folder>JPEGImages</folder>
	<filename>145.jpg</filename>
	<path>C:\Users\sanhang\Desktop\JPEGImages\145.jpg</path>
	<source>
		<database>Unknown</database>
	</source>
	<size>
		<width>685</width>
		<height>460</height>
		<depth>3</depth>
	</size>
	<segmented>0</segmented>
	<object>
		<name>leading edge</name>
		<pose>Unspecified</pose>
		<truncated>0</truncated>
		<difficult>0</difficult>
		<bndbox>
			<xmin>299</xmin>
			<ymin>196</ymin>
			<xmax>343</xmax>
			<ymax>232</ymax>
		</bndbox>
	</object>
	<object>
		<name>leading edge</name>
		<pose>Unspecified</pose>
		<truncated>0</truncated>
		<difficult>0</difficult>
		<bndbox>
			<xmin>568</xmin>
			<ymin>129</ymin>
			<xmax>623</xmax>
			<ymax>174</ymax>
		</bndbox>
	</object>
</annotation>
