<annotation>
	<folder>JPEGImages</folder>
	<filename>146.jpg</filename>
	<path>C:\Users\sanhang\Desktop\JPEGImages\146.jpg</path>
	<source>
		<database>Unknown</database>
	</source>
	<size>
		<width>653</width>
		<height>527</height>
		<depth>3</depth>
	</size>
	<segmented>0</segmented>
	<object>
		<name>leading edge</name>
		<pose>Unspecified</pose>
		<truncated>0</truncated>
		<difficult>0</difficult>
		<bndbox>
			<xmin>153</xmin>
			<ymin>297</ymin>
			<xmax>183</xmax>
			<ymax>322</ymax>
		</bndbox>
	</object>
	<object>
		<name>leading edge</name>
		<pose>Unspecified</pose>
		<truncated>0</truncated>
		<difficult>0</difficult>
		<bndbox>
			<xmin>341</xmin>
			<ymin>204</ymin>
			<xmax>382</xmax>
			<ymax>242</ymax>
		</bndbox>
	</object>
	<object>
		<name>leading edge</name>
		<pose>Unspecified</pose>
		<truncated>0</truncated>
		<difficult>0</difficult>
		<bndbox>
			<xmin>557</xmin>
			<ymin>120</ymin>
			<xmax>590</xmax>
			<ymax>150</ymax>
		</bndbox>
	</object>
</annotation>
