<annotation>
	<folder>JPEGImages</folder>
	<filename>148.jpg</filename>
	<path>C:\Users\sanhang\Desktop\JPEGImages\148.jpg</path>
	<source>
		<database>Unknown</database>
	</source>
	<size>
		<width>490</width>
		<height>605</height>
		<depth>3</depth>
	</size>
	<segmented>0</segmented>
	<object>
		<name>leading edge</name>
		<pose>Unspecified</pose>
		<truncated>0</truncated>
		<difficult>0</difficult>
		<bndbox>
			<xmin>124</xmin>
			<ymin>123</ymin>
			<xmax>160</xmax>
			<ymax>155</ymax>
		</bndbox>
	</object>
	<object>
		<name>leading edge</name>
		<pose>Unspecified</pose>
		<truncated>0</truncated>
		<difficult>0</difficult>
		<bndbox>
			<xmin>246</xmin>
			<ymin>286</ymin>
			<xmax>291</xmax>
			<ymax>322</ymax>
		</bndbox>
	</object>
	<object>
		<name>leading edge</name>
		<pose>Unspecified</pose>
		<truncated>0</truncated>
		<difficult>0</difficult>
		<bndbox>
			<xmin>344</xmin>
			<ymin>445</ymin>
			<xmax>384</xmax>
			<ymax>483</ymax>
		</bndbox>
	</object>
</annotation>
