<annotation>
	<folder>JPEGImages</folder>
	<filename>149.jpg</filename>
	<path>C:\Users\sanhang\Desktop\JPEGImages\149.jpg</path>
	<source>
		<database>Unknown</database>
	</source>
	<size>
		<width>671</width>
		<height>755</height>
		<depth>3</depth>
	</size>
	<segmented>0</segmented>
	<object>
		<name>leading edge</name>
		<pose>Unspecified</pose>
		<truncated>0</truncated>
		<difficult>0</difficult>
		<bndbox>
			<xmin>258</xmin>
			<ymin>76</ymin>
			<xmax>336</xmax>
			<ymax>162</ymax>
		</bndbox>
	</object>
	<object>
		<name>leading edge</name>
		<pose>Unspecified</pose>
		<truncated>0</truncated>
		<difficult>0</difficult>
		<bndbox>
			<xmin>414</xmin>
			<ymin>391</ymin>
			<xmax>493</xmax>
			<ymax>472</ymax>
		</bndbox>
	</object>
</annotation>
