<annotation>
	<folder>JPEGImages</folder>
	<filename>15.jpg</filename>
	<path>C:\Users\sanhang\Desktop\JPEGImages\15.jpg</path>
	<source>
		<database>Unknown</database>
	</source>
	<size>
		<width>134</width>
		<height>263</height>
		<depth>3</depth>
	</size>
	<segmented>0</segmented>
	<object>
		<name>leading edge</name>
		<pose>Unspecified</pose>
		<truncated>0</truncated>
		<difficult>0</difficult>
		<bndbox>
			<xmin>30</xmin>
			<ymin>45</ymin>
			<xmax>59</xmax>
			<ymax>71</ymax>
		</bndbox>
	</object>
</annotation>
