<annotation>
	<folder>JPEGImages</folder>
	<filename>151.jpg</filename>
	<path>C:\Users\sanhang\Desktop\JPEGImages\151.jpg</path>
	<source>
		<database>Unknown</database>
	</source>
	<size>
		<width>656</width>
		<height>664</height>
		<depth>3</depth>
	</size>
	<segmented>0</segmented>
	<object>
		<name>leading edge</name>
		<pose>Unspecified</pose>
		<truncated>0</truncated>
		<difficult>0</difficult>
		<bndbox>
			<xmin>309</xmin>
			<ymin>244</ymin>
			<xmax>424</xmax>
			<ymax>388</ymax>
		</bndbox>
	</object>
</annotation>
