<annotation>
	<folder>JPEGImages</folder>
	<filename>154.jpg</filename>
	<path>C:\Users\sanhang\Desktop\JPEGImages\154.jpg</path>
	<source>
		<database>Unknown</database>
	</source>
	<size>
		<width>832</width>
		<height>583</height>
		<depth>3</depth>
	</size>
	<segmented>0</segmented>
	<object>
		<name>leading edge</name>
		<pose>Unspecified</pose>
		<truncated>0</truncated>
		<difficult>0</difficult>
		<bndbox>
			<xmin>63</xmin>
			<ymin>326</ymin>
			<xmax>114</xmax>
			<ymax>362</ymax>
		</bndbox>
	</object>
	<object>
		<name>leading edge</name>
		<pose>Unspecified</pose>
		<truncated>0</truncated>
		<difficult>0</difficult>
		<bndbox>
			<xmin>325</xmin>
			<ymin>229</ymin>
			<xmax>386</xmax>
			<ymax>268</ymax>
		</bndbox>
	</object>
	<object>
		<name>leading edge</name>
		<pose>Unspecified</pose>
		<truncated>0</truncated>
		<difficult>0</difficult>
		<bndbox>
			<xmin>661</xmin>
			<ymin>103</ymin>
			<xmax>719</xmax>
			<ymax>143</ymax>
		</bndbox>
	</object>
</annotation>
