<annotation>
	<folder>JPEGImages</folder>
	<filename>155.jpg</filename>
	<path>C:\Users\sanhang\Desktop\JPEGImages\155.jpg</path>
	<source>
		<database>Unknown</database>
	</source>
	<size>
		<width>489</width>
		<height>484</height>
		<depth>3</depth>
	</size>
	<segmented>0</segmented>
	<object>
		<name>leading edge</name>
		<pose>Unspecified</pose>
		<truncated>0</truncated>
		<difficult>0</difficult>
		<bndbox>
			<xmin>310</xmin>
			<ymin>104</ymin>
			<xmax>338</xmax>
			<ymax>137</ymax>
		</bndbox>
	</object>
	<object>
		<name>leading edge</name>
		<pose>Unspecified</pose>
		<truncated>0</truncated>
		<difficult>0</difficult>
		<bndbox>
			<xmin>154</xmin>
			<ymin>245</ymin>
			<xmax>182</xmax>
			<ymax>279</ymax>
		</bndbox>
	</object>
	<object>
		<name>leading edge</name>
		<pose>Unspecified</pose>
		<truncated>0</truncated>
		<difficult>0</difficult>
		<bndbox>
			<xmin>16</xmin>
			<ymin>370</ymin>
			<xmax>42</xmax>
			<ymax>401</ymax>
		</bndbox>
	</object>
</annotation>
