<annotation>
	<folder>JPGImage</folder>
	<filename>158.jpg</filename>
	<path>C:\Users\sanhang\Desktop\JPGImage\158.jpg</path>
	<source>
		<database>Unknown</database>
	</source>
	<size>
		<width>611</width>
		<height>685</height>
		<depth>3</depth>
	</size>
	<segmented>0</segmented>
	<object>
		<name>leading edge</name>
		<pose>Unspecified</pose>
		<truncated>0</truncated>
		<difficult>0</difficult>
		<bndbox>
			<xmin>260</xmin>
			<ymin>253</ymin>
			<xmax>305</xmax>
			<ymax>278</ymax>
		</bndbox>
	</object>
	<object>
		<name>leading edge</name>
		<pose>Unspecified</pose>
		<truncated>0</truncated>
		<difficult>0</difficult>
		<bndbox>
			<xmin>247</xmin>
			<ymin>599</ymin>
			<xmax>292</xmax>
			<ymax>621</ymax>
		</bndbox>
	</object>
</annotation>
