<annotation>
	<folder>JPGImage</folder>
	<filename>159.jpg</filename>
	<path>C:\Users\sanhang\Desktop\JPGImage\159.jpg</path>
	<source>
		<database>Unknown</database>
	</source>
	<size>
		<width>675</width>
		<height>676</height>
		<depth>3</depth>
	</size>
	<segmented>0</segmented>
	<object>
		<name>leading edge</name>
		<pose>Unspecified</pose>
		<truncated>0</truncated>
		<difficult>0</difficult>
		<bndbox>
			<xmin>411</xmin>
			<ymin>146</ymin>
			<xmax>436</xmax>
			<ymax>176</ymax>
		</bndbox>
	</object>
	<object>
		<name>leading edge</name>
		<pose>Unspecified</pose>
		<truncated>0</truncated>
		<difficult>0</difficult>
		<bndbox>
			<xmin>262</xmin>
			<ymin>507</ymin>
			<xmax>287</xmax>
			<ymax>534</ymax>
		</bndbox>
	</object>
</annotation>
