<annotation>
	<folder>JPEGImages</folder>
	<filename>16.jpg</filename>
	<path>C:\Users\sanhang\Desktop\JPEGImages\16.jpg</path>
	<source>
		<database>Unknown</database>
	</source>
	<size>
		<width>182</width>
		<height>298</height>
		<depth>3</depth>
	</size>
	<segmented>0</segmented>
	<object>
		<name>leading edge</name>
		<pose>Unspecified</pose>
		<truncated>0</truncated>
		<difficult>0</difficult>
		<bndbox>
			<xmin>57</xmin>
			<ymin>68</ymin>
			<xmax>100</xmax>
			<ymax>92</ymax>
		</bndbox>
	</object>
</annotation>
