<annotation>
	<folder>JPGImage</folder>
	<filename>160.jpg</filename>
	<path>C:\Users\sanhang\Desktop\JPGImage\160.jpg</path>
	<source>
		<database>Unknown</database>
	</source>
	<size>
		<width>550</width>
		<height>599</height>
		<depth>3</depth>
	</size>
	<segmented>0</segmented>
	<object>
		<name>leading edge</name>
		<pose>Unspecified</pose>
		<truncated>0</truncated>
		<difficult>0</difficult>
		<bndbox>
			<xmin>295</xmin>
			<ymin>142</ymin>
			<xmax>346</xmax>
			<ymax>177</ymax>
		</bndbox>
	</object>
	<object>
		<name>leading edge</name>
		<pose>Unspecified</pose>
		<truncated>0</truncated>
		<difficult>0</difficult>
		<bndbox>
			<xmin>379</xmin>
			<ymin>509</ymin>
			<xmax>438</xmax>
			<ymax>547</ymax>
		</bndbox>
	</object>
</annotation>
