<annotation>
	<folder>JPGImage</folder>
	<filename>161.jpg</filename>
	<path>C:\Users\sanhang\Desktop\JPGImage\161.jpg</path>
	<source>
		<database>Unknown</database>
	</source>
	<size>
		<width>1014</width>
		<height>531</height>
		<depth>3</depth>
	</size>
	<segmented>0</segmented>
	<object>
		<name>leading edge</name>
		<pose>Unspecified</pose>
		<truncated>0</truncated>
		<difficult>0</difficult>
		<bndbox>
			<xmin>120</xmin>
			<ymin>132</ymin>
			<xmax>171</xmax>
			<ymax>176</ymax>
		</bndbox>
	</object>
	<object>
		<name>leading edge</name>
		<pose>Unspecified</pose>
		<truncated>0</truncated>
		<difficult>0</difficult>
		<bndbox>
			<xmin>265</xmin>
			<ymin>243</ymin>
			<xmax>311</xmax>
			<ymax>277</ymax>
		</bndbox>
	</object>
	<object>
		<name>leading edge</name>
		<pose>Unspecified</pose>
		<truncated>0</truncated>
		<difficult>0</difficult>
		<bndbox>
			<xmin>432</xmin>
			<ymin>255</ymin>
			<xmax>492</xmax>
			<ymax>303</ymax>
		</bndbox>
	</object>
	<object>
		<name>leading edge</name>
		<pose>Unspecified</pose>
		<truncated>0</truncated>
		<difficult>0</difficult>
		<bndbox>
			<xmin>658</xmin>
			<ymin>207</ymin>
			<xmax>713</xmax>
			<ymax>247</ymax>
		</bndbox>
	</object>
	<object>
		<name>leading edge</name>
		<pose>Unspecified</pose>
		<truncated>0</truncated>
		<difficult>0</difficult>
		<bndbox>
			<xmin>930</xmin>
			<ymin>107</ymin>
			<xmax>987</xmax>
			<ymax>152</ymax>
		</bndbox>
	</object>
</annotation>
