<annotation>
	<folder>JPGImage</folder>
	<filename>162.jpg</filename>
	<path>C:\Users\sanhang\Desktop\JPGImage\162.jpg</path>
	<source>
		<database>Unknown</database>
	</source>
	<size>
		<width>840</width>
		<height>698</height>
		<depth>3</depth>
	</size>
	<segmented>0</segmented>
	<object>
		<name>leading edge</name>
		<pose>Unspecified</pose>
		<truncated>0</truncated>
		<difficult>0</difficult>
		<bndbox>
			<xmin>403</xmin>
			<ymin>233</ymin>
			<xmax>545</xmax>
			<ymax>349</ymax>
		</bndbox>
	</object>
</annotation>
