<annotation>
	<folder>JPGImage</folder>
	<filename>163.jpg</filename>
	<path>C:\Users\sanhang\Desktop\JPGImage\163.jpg</path>
	<source>
		<database>Unknown</database>
	</source>
	<size>
		<width>666</width>
		<height>687</height>
		<depth>3</depth>
	</size>
	<segmented>0</segmented>
	<object>
		<name>leading edge</name>
		<pose>Unspecified</pose>
		<truncated>0</truncated>
		<difficult>0</difficult>
		<bndbox>
			<xmin>308</xmin>
			<ymin>159</ymin>
			<xmax>344</xmax>
			<ymax>186</ymax>
		</bndbox>
	</object>
	<object>
		<name>leading edge</name>
		<pose>Unspecified</pose>
		<truncated>0</truncated>
		<difficult>0</difficult>
		<bndbox>
			<xmin>346</xmin>
			<ymin>514</ymin>
			<xmax>396</xmax>
			<ymax>549</ymax>
		</bndbox>
	</object>
</annotation>
