<annotation>
	<folder>JPGImage</folder>
	<filename>164.jpg</filename>
	<path>C:\Users\sanhang\Desktop\JPGImage\164.jpg</path>
	<source>
		<database>Unknown</database>
	</source>
	<size>
		<width>731</width>
		<height>583</height>
		<depth>3</depth>
	</size>
	<segmented>0</segmented>
	<object>
		<name>leading edge</name>
		<pose>Unspecified</pose>
		<truncated>0</truncated>
		<difficult>0</difficult>
		<bndbox>
			<xmin>227</xmin>
			<ymin>343</ymin>
			<xmax>273</xmax>
			<ymax>389</ymax>
		</bndbox>
	</object>
	<object>
		<name>leading edge</name>
		<pose>Unspecified</pose>
		<truncated>0</truncated>
		<difficult>0</difficult>
		<bndbox>
			<xmin>573</xmin>
			<ymin>194</ymin>
			<xmax>623</xmax>
			<ymax>240</ymax>
		</bndbox>
	</object>
</annotation>
