<annotation>
	<folder>JPGImage</folder>
	<filename>165.jpg</filename>
	<path>C:\Users\sanhang\Desktop\JPGImage\165.jpg</path>
	<source>
		<database>Unknown</database>
	</source>
	<size>
		<width>425</width>
		<height>360</height>
		<depth>3</depth>
	</size>
	<segmented>0</segmented>
	<object>
		<name>leading edge</name>
		<pose>Unspecified</pose>
		<truncated>0</truncated>
		<difficult>0</difficult>
		<bndbox>
			<xmin>165</xmin>
			<ymin>145</ymin>
			<xmax>243</xmax>
			<ymax>195</ymax>
		</bndbox>
	</object>
</annotation>
