<annotation>
	<folder>JPGImage</folder>
	<filename>166.jpg</filename>
	<path>C:\Users\sanhang\Desktop\JPGImage\166.jpg</path>
	<source>
		<database>Unknown</database>
	</source>
	<size>
		<width>502</width>
		<height>447</height>
		<depth>3</depth>
	</size>
	<segmented>0</segmented>
	<object>
		<name>leading edge</name>
		<pose>Unspecified</pose>
		<truncated>0</truncated>
		<difficult>0</difficult>
		<bndbox>
			<xmin>137</xmin>
			<ymin>151</ymin>
			<xmax>267</xmax>
			<ymax>205</ymax>
		</bndbox>
	</object>
</annotation>
