<annotation>
	<folder>JPGImage</folder>
	<filename>167.jpg</filename>
	<path>C:\Users\sanhang\Desktop\JPGImage\167.jpg</path>
	<source>
		<database>Unknown</database>
	</source>
	<size>
		<width>686</width>
		<height>434</height>
		<depth>3</depth>
	</size>
	<segmented>0</segmented>
	<object>
		<name>leading edge</name>
		<pose>Unspecified</pose>
		<truncated>0</truncated>
		<difficult>0</difficult>
		<bndbox>
			<xmin>97</xmin>
			<ymin>309</ymin>
			<xmax>167</xmax>
			<ymax>345</ymax>
		</bndbox>
	</object>
	<object>
		<name>leading edge</name>
		<pose>Unspecified</pose>
		<truncated>0</truncated>
		<difficult>0</difficult>
		<bndbox>
			<xmin>214</xmin>
			<ymin>216</ymin>
			<xmax>299</xmax>
			<ymax>252</ymax>
		</bndbox>
	</object>
	<object>
		<name>leading edge</name>
		<pose>Unspecified</pose>
		<truncated>0</truncated>
		<difficult>0</difficult>
		<bndbox>
			<xmin>392</xmin>
			<ymin>152</ymin>
			<xmax>450</xmax>
			<ymax>179</ymax>
		</bndbox>
	</object>
</annotation>
