<annotation>
	<folder>JPGImage</folder>
	<filename>168.jpg</filename>
	<path>C:\Users\sanhang\Desktop\JPGImage\168.jpg</path>
	<source>
		<database>Unknown</database>
	</source>
	<size>
		<width>583</width>
		<height>397</height>
		<depth>3</depth>
	</size>
	<segmented>0</segmented>
	<object>
		<name>leading edge</name>
		<pose>Unspecified</pose>
		<truncated>0</truncated>
		<difficult>0</difficult>
		<bndbox>
			<xmin>72</xmin>
			<ymin>198</ymin>
			<xmax>102</xmax>
			<ymax>214</ymax>
		</bndbox>
	</object>
	<object>
		<name>leading edge</name>
		<pose>Unspecified</pose>
		<truncated>0</truncated>
		<difficult>0</difficult>
		<bndbox>
			<xmin>233</xmin>
			<ymin>159</ymin>
			<xmax>258</xmax>
			<ymax>173</ymax>
		</bndbox>
	</object>
	<object>
		<name>leading edge</name>
		<pose>Unspecified</pose>
		<truncated>0</truncated>
		<difficult>0</difficult>
		<bndbox>
			<xmin>402</xmin>
			<ymin>150</ymin>
			<xmax>426</xmax>
			<ymax>164</ymax>
		</bndbox>
	</object>
</annotation>
