<annotation>
	<folder>JPGImage</folder>
	<filename>169.jpg</filename>
	<path>C:\Users\sanhang\Desktop\JPGImage\169.jpg</path>
	<source>
		<database>Unknown</database>
	</source>
	<size>
		<width>696</width>
		<height>573</height>
		<depth>3</depth>
	</size>
	<segmented>0</segmented>
	<object>
		<name>leading edge</name>
		<pose>Unspecified</pose>
		<truncated>0</truncated>
		<difficult>0</difficult>
		<bndbox>
			<xmin>151</xmin>
			<ymin>140</ymin>
			<xmax>260</xmax>
			<ymax>252</ymax>
		</bndbox>
	</object>
</annotation>
