<annotation>
	<folder>JPEGImages</folder>
	<filename>17.jpg</filename>
	<path>C:\Users\sanhang\Desktop\JPEGImages\17.jpg</path>
	<source>
		<database>Unknown</database>
	</source>
	<size>
		<width>87</width>
		<height>169</height>
		<depth>3</depth>
	</size>
	<segmented>0</segmented>
	<object>
		<name>leading edge</name>
		<pose>Unspecified</pose>
		<truncated>0</truncated>
		<difficult>0</difficult>
		<bndbox>
			<xmin>25</xmin>
			<ymin>11</ymin>
			<xmax>43</xmax>
			<ymax>23</ymax>
		</bndbox>
	</object>
	<object>
		<name>leading edge</name>
		<pose>Unspecified</pose>
		<truncated>0</truncated>
		<difficult>0</difficult>
		<bndbox>
			<xmin>26</xmin>
			<ymin>62</ymin>
			<xmax>46</xmax>
			<ymax>74</ymax>
		</bndbox>
	</object>
	<object>
		<name>leading edge</name>
		<pose>Unspecified</pose>
		<truncated>0</truncated>
		<difficult>0</difficult>
		<bndbox>
			<xmin>28</xmin>
			<ymin>105</ymin>
			<xmax>47</xmax>
			<ymax>117</ymax>
		</bndbox>
	</object>
	<object>
		<name>leading edge</name>
		<pose>Unspecified</pose>
		<truncated>0</truncated>
		<difficult>0</difficult>
		<bndbox>
			<xmin>28</xmin>
			<ymin>140</ymin>
			<xmax>49</xmax>
			<ymax>152</ymax>
		</bndbox>
	</object>
</annotation>
