<annotation>
	<folder>JPGImage</folder>
	<filename>170.jpg</filename>
	<path>C:\Users\sanhang\Desktop\JPGImage\170.jpg</path>
	<source>
		<database>Unknown</database>
	</source>
	<size>
		<width>895</width>
		<height>339</height>
		<depth>3</depth>
	</size>
	<segmented>0</segmented>
	<object>
		<name>leading edge</name>
		<pose>Unspecified</pose>
		<truncated>0</truncated>
		<difficult>0</difficult>
		<bndbox>
			<xmin>20</xmin>
			<ymin>133</ymin>
			<xmax>50</xmax>
			<ymax>162</ymax>
		</bndbox>
	</object>
	<object>
		<name>leading edge</name>
		<pose>Unspecified</pose>
		<truncated>0</truncated>
		<difficult>0</difficult>
		<bndbox>
			<xmin>377</xmin>
			<ymin>106</ymin>
			<xmax>406</xmax>
			<ymax>136</ymax>
		</bndbox>
	</object>
	<object>
		<name>leading edge</name>
		<pose>Unspecified</pose>
		<truncated>0</truncated>
		<difficult>0</difficult>
		<bndbox>
			<xmin>697</xmin>
			<ymin>91</ymin>
			<xmax>731</xmax>
			<ymax>121</ymax>
		</bndbox>
	</object>
</annotation>
