<annotation>
	<folder>JPGImage</folder>
	<filename>171.jpg</filename>
	<path>C:\Users\sanhang\Desktop\JPGImage\171.jpg</path>
	<source>
		<database>Unknown</database>
	</source>
	<size>
		<width>717</width>
		<height>489</height>
		<depth>3</depth>
	</size>
	<segmented>0</segmented>
	<object>
		<name>leading edge</name>
		<pose>Unspecified</pose>
		<truncated>0</truncated>
		<difficult>0</difficult>
		<bndbox>
			<xmin>10</xmin>
			<ymin>92</ymin>
			<xmax>42</xmax>
			<ymax>121</ymax>
		</bndbox>
	</object>
	<object>
		<name>leading edge</name>
		<pose>Unspecified</pose>
		<truncated>0</truncated>
		<difficult>0</difficult>
		<bndbox>
			<xmin>229</xmin>
			<ymin>112</ymin>
			<xmax>258</xmax>
			<ymax>144</ymax>
		</bndbox>
	</object>
	<object>
		<name>leading edge</name>
		<pose>Unspecified</pose>
		<truncated>0</truncated>
		<difficult>0</difficult>
		<bndbox>
			<xmin>416</xmin>
			<ymin>135</ymin>
			<xmax>449</xmax>
			<ymax>172</ymax>
		</bndbox>
	</object>
	<object>
		<name>leading edge</name>
		<pose>Unspecified</pose>
		<truncated>0</truncated>
		<difficult>0</difficult>
		<bndbox>
			<xmin>600</xmin>
			<ymin>158</ymin>
			<xmax>629</xmax>
			<ymax>190</ymax>
		</bndbox>
	</object>
</annotation>
