<annotation>
	<folder>JPGImage</folder>
	<filename>172.jpg</filename>
	<path>C:\Users\sanhang\Desktop\JPGImage\172.jpg</path>
	<source>
		<database>Unknown</database>
	</source>
	<size>
		<width>887</width>
		<height>686</height>
		<depth>3</depth>
	</size>
	<segmented>0</segmented>
	<object>
		<name>leading edge</name>
		<pose>Unspecified</pose>
		<truncated>0</truncated>
		<difficult>0</difficult>
		<bndbox>
			<xmin>58</xmin>
			<ymin>404</ymin>
			<xmax>93</xmax>
			<ymax>428</ymax>
		</bndbox>
	</object>
	<object>
		<name>leading edge</name>
		<pose>Unspecified</pose>
		<truncated>0</truncated>
		<difficult>0</difficult>
		<bndbox>
			<xmin>231</xmin>
			<ymin>323</ymin>
			<xmax>259</xmax>
			<ymax>345</ymax>
		</bndbox>
	</object>
	<object>
		<name>leading edge</name>
		<pose>Unspecified</pose>
		<truncated>0</truncated>
		<difficult>0</difficult>
		<bndbox>
			<xmin>426</xmin>
			<ymin>230</ymin>
			<xmax>463</xmax>
			<ymax>253</ymax>
		</bndbox>
	</object>
	<object>
		<name>leading edge</name>
		<pose>Unspecified</pose>
		<truncated>0</truncated>
		<difficult>0</difficult>
		<bndbox>
			<xmin>653</xmin>
			<ymin>123</ymin>
			<xmax>691</xmax>
			<ymax>150</ymax>
		</bndbox>
	</object>
</annotation>
