<annotation>
	<folder>JPGImage</folder>
	<filename>174.jpg</filename>
	<path>C:\Users\sanhang\Desktop\JPGImage\174.jpg</path>
	<source>
		<database>Unknown</database>
	</source>
	<size>
		<width>1047</width>
		<height>600</height>
		<depth>3</depth>
	</size>
	<segmented>0</segmented>
	<object>
		<name>leading edge</name>
		<pose>Unspecified</pose>
		<truncated>0</truncated>
		<difficult>0</difficult>
		<bndbox>
			<xmin>104</xmin>
			<ymin>172</ymin>
			<xmax>222</xmax>
			<ymax>215</ymax>
		</bndbox>
	</object>
	<object>
		<name>leading edge</name>
		<pose>Unspecified</pose>
		<truncated>0</truncated>
		<difficult>0</difficult>
		<bndbox>
			<xmin>473</xmin>
			<ymin>154</ymin>
			<xmax>561</xmax>
			<ymax>190</ymax>
		</bndbox>
	</object>
	<object>
		<name>leading edge</name>
		<pose>Unspecified</pose>
		<truncated>0</truncated>
		<difficult>0</difficult>
		<bndbox>
			<xmin>823</xmin>
			<ymin>132</ymin>
			<xmax>917</xmax>
			<ymax>169</ymax>
		</bndbox>
	</object>
</annotation>
