<annotation>
	<folder>JPGImage</folder>
	<filename>175.jpg</filename>
	<path>C:\Users\sanhang\Desktop\JPGImage\175.jpg</path>
	<source>
		<database>Unknown</database>
	</source>
	<size>
		<width>686</width>
		<height>433</height>
		<depth>3</depth>
	</size>
	<segmented>0</segmented>
	<object>
		<name>leading edge</name>
		<pose>Unspecified</pose>
		<truncated>0</truncated>
		<difficult>0</difficult>
		<bndbox>
			<xmin>49</xmin>
			<ymin>121</ymin>
			<xmax>100</xmax>
			<ymax>143</ymax>
		</bndbox>
	</object>
	<object>
		<name>leading edge</name>
		<pose>Unspecified</pose>
		<truncated>0</truncated>
		<difficult>0</difficult>
		<bndbox>
			<xmin>195</xmin>
			<ymin>121</ymin>
			<xmax>238</xmax>
			<ymax>144</ymax>
		</bndbox>
	</object>
	<object>
		<name>leading edge</name>
		<pose>Unspecified</pose>
		<truncated>0</truncated>
		<difficult>0</difficult>
		<bndbox>
			<xmin>330</xmin>
			<ymin>125</ymin>
			<xmax>382</xmax>
			<ymax>154</ymax>
		</bndbox>
	</object>
	<object>
		<name>leading edge</name>
		<pose>Unspecified</pose>
		<truncated>0</truncated>
		<difficult>0</difficult>
		<bndbox>
			<xmin>509</xmin>
			<ymin>119</ymin>
			<xmax>555</xmax>
			<ymax>144</ymax>
		</bndbox>
	</object>
</annotation>
