<annotation>
	<folder>JPGImage</folder>
	<filename>176.jpg</filename>
	<path>C:\Users\sanhang\Desktop\JPGImage\176.jpg</path>
	<source>
		<database>Unknown</database>
	</source>
	<size>
		<width>873</width>
		<height>774</height>
		<depth>3</depth>
	</size>
	<segmented>0</segmented>
	<object>
		<name>leading edge</name>
		<pose>Unspecified</pose>
		<truncated>0</truncated>
		<difficult>0</difficult>
		<bndbox>
			<xmin>554</xmin>
			<ymin>213</ymin>
			<xmax>667</xmax>
			<ymax>296</ymax>
		</bndbox>
	</object>
	<object>
		<name>leading edge</name>
		<pose>Unspecified</pose>
		<truncated>0</truncated>
		<difficult>0</difficult>
		<bndbox>
			<xmin>437</xmin>
			<ymin>330</ymin>
			<xmax>521</xmax>
			<ymax>400</ymax>
		</bndbox>
	</object>
	<object>
		<name>leading edge</name>
		<pose>Unspecified</pose>
		<truncated>0</truncated>
		<difficult>0</difficult>
		<bndbox>
			<xmin>286</xmin>
			<ymin>428</ymin>
			<xmax>401</xmax>
			<ymax>510</ymax>
		</bndbox>
	</object>
</annotation>
