<annotation>
	<folder>jpg</folder>
	<filename>177.jpg</filename>
	<path>C:\Users\sanhang\Desktop\jpg\177.jpg</path>
	<source>
		<database>Unknown</database>
	</source>
	<size>
		<width>372</width>
		<height>381</height>
		<depth>3</depth>
	</size>
	<segmented>0</segmented>
	<object>
		<name>leading edge</name>
		<pose>Unspecified</pose>
		<truncated>0</truncated>
		<difficult>0</difficult>
		<bndbox>
			<xmin>289</xmin>
			<ymin>208</ymin>
			<xmax>322</xmax>
			<ymax>238</ymax>
		</bndbox>
	</object>
	<object>
		<name>leading edge</name>
		<pose>Unspecified</pose>
		<truncated>0</truncated>
		<difficult>0</difficult>
		<bndbox>
			<xmin>130</xmin>
			<ymin>297</ymin>
			<xmax>160</xmax>
			<ymax>324</ymax>
		</bndbox>
	</object>
</annotation>
