<annotation>
	<folder>jpg</folder>
	<filename>178.jpg</filename>
	<path>C:\Users\sanhang\Desktop\jpg\178.jpg</path>
	<source>
		<database>Unknown</database>
	</source>
	<size>
		<width>566</width>
		<height>583</height>
		<depth>3</depth>
	</size>
	<segmented>0</segmented>
	<object>
		<name>leading edge</name>
		<pose>Unspecified</pose>
		<truncated>0</truncated>
		<difficult>0</difficult>
		<bndbox>
			<xmin>449</xmin>
			<ymin>183</ymin>
			<xmax>494</xmax>
			<ymax>229</ymax>
		</bndbox>
	</object>
	<object>
		<name>leading edge</name>
		<pose>Unspecified</pose>
		<truncated>0</truncated>
		<difficult>0</difficult>
		<bndbox>
			<xmin>295</xmin>
			<ymin>323</ymin>
			<xmax>342</xmax>
			<ymax>370</ymax>
		</bndbox>
	</object>
	<object>
		<name>leading edge</name>
		<pose>Unspecified</pose>
		<truncated>0</truncated>
		<difficult>0</difficult>
		<bndbox>
			<xmin>207</xmin>
			<ymin>536</ymin>
			<xmax>255</xmax>
			<ymax>580</ymax>
		</bndbox>
	</object>
</annotation>
