<annotation>
	<folder>jpg</folder>
	<filename>179.jpg</filename>
	<path>C:\Users\sanhang\Desktop\jpg\179.jpg</path>
	<source>
		<database>Unknown</database>
	</source>
	<size>
		<width>276</width>
		<height>316</height>
		<depth>3</depth>
	</size>
	<segmented>0</segmented>
	<object>
		<name>leading edge</name>
		<pose>Unspecified</pose>
		<truncated>0</truncated>
		<difficult>0</difficult>
		<bndbox>
			<xmin>129</xmin>
			<ymin>274</ymin>
			<xmax>150</xmax>
			<ymax>290</ymax>
		</bndbox>
	</object>
	<object>
		<name>leading edge</name>
		<pose>Unspecified</pose>
		<truncated>0</truncated>
		<difficult>0</difficult>
		<bndbox>
			<xmin>175</xmin>
			<ymin>163</ymin>
			<xmax>202</xmax>
			<ymax>183</ymax>
		</bndbox>
	</object>
	<object>
		<name>leading edge</name>
		<pose>Unspecified</pose>
		<truncated>0</truncated>
		<difficult>0</difficult>
		<bndbox>
			<xmin>245</xmin>
			<ymin>110</ymin>
			<xmax>272</xmax>
			<ymax>130</ymax>
		</bndbox>
	</object>
</annotation>
