<annotation>
	<folder>JPEGImages</folder>
	<filename>18.jpg</filename>
	<path>C:\Users\sanhang\Desktop\JPEGImages\18.jpg</path>
	<source>
		<database>Unknown</database>
	</source>
	<size>
		<width>511</width>
		<height>223</height>
		<depth>3</depth>
	</size>
	<segmented>0</segmented>
	<object>
		<name>leading edge</name>
		<pose>Unspecified</pose>
		<truncated>0</truncated>
		<difficult>0</difficult>
		<bndbox>
			<xmin>222</xmin>
			<ymin>17</ymin>
			<xmax>309</xmax>
			<ymax>44</ymax>
		</bndbox>
	</object>
</annotation>
