<annotation>
	<folder>jpg</folder>
	<filename>180.jpg</filename>
	<path>C:\Users\sanhang\Desktop\jpg\180.jpg</path>
	<source>
		<database>Unknown</database>
	</source>
	<size>
		<width>996</width>
		<height>513</height>
		<depth>3</depth>
	</size>
	<segmented>0</segmented>
	<object>
		<name>leading edge</name>
		<pose>Unspecified</pose>
		<truncated>0</truncated>
		<difficult>0</difficult>
		<bndbox>
			<xmin>238</xmin>
			<ymin>393</ymin>
			<xmax>289</xmax>
			<ymax>427</ymax>
		</bndbox>
	</object>
	<object>
		<name>leading edge</name>
		<pose>Unspecified</pose>
		<truncated>0</truncated>
		<difficult>0</difficult>
		<bndbox>
			<xmin>555</xmin>
			<ymin>359</ymin>
			<xmax>597</xmax>
			<ymax>385</ymax>
		</bndbox>
	</object>
	<object>
		<name>leading edge</name>
		<pose>Unspecified</pose>
		<truncated>0</truncated>
		<difficult>0</difficult>
		<bndbox>
			<xmin>919</xmin>
			<ymin>340</ymin>
			<xmax>972</xmax>
			<ymax>373</ymax>
		</bndbox>
	</object>
</annotation>
