<annotation>
	<folder>jpg</folder>
	<filename>181.jpg</filename>
	<path>C:\Users\sanhang\Desktop\jpg\181.jpg</path>
	<source>
		<database>Unknown</database>
	</source>
	<size>
		<width>751</width>
		<height>557</height>
		<depth>3</depth>
	</size>
	<segmented>0</segmented>
	<object>
		<name>leading edge</name>
		<pose>Unspecified</pose>
		<truncated>0</truncated>
		<difficult>0</difficult>
		<bndbox>
			<xmin>247</xmin>
			<ymin>414</ymin>
			<xmax>320</xmax>
			<ymax>456</ymax>
		</bndbox>
	</object>
	<object>
		<name>leading edge</name>
		<pose>Unspecified</pose>
		<truncated>0</truncated>
		<difficult>0</difficult>
		<bndbox>
			<xmin>533</xmin>
			<ymin>127</ymin>
			<xmax>587</xmax>
			<ymax>158</ymax>
		</bndbox>
	</object>
</annotation>
