<annotation>
	<folder>jpg</folder>
	<filename>182.jpg</filename>
	<path>C:\Users\sanhang\Desktop\jpg\182.jpg</path>
	<source>
		<database>Unknown</database>
	</source>
	<size>
		<width>1463</width>
		<height>587</height>
		<depth>3</depth>
	</size>
	<segmented>0</segmented>
	<object>
		<name>leading edge</name>
		<pose>Unspecified</pose>
		<truncated>0</truncated>
		<difficult>0</difficult>
		<bndbox>
			<xmin>180</xmin>
			<ymin>281</ymin>
			<xmax>217</xmax>
			<ymax>311</ymax>
		</bndbox>
	</object>
	<object>
		<name>leading edge</name>
		<pose>Unspecified</pose>
		<truncated>0</truncated>
		<difficult>0</difficult>
		<bndbox>
			<xmin>410</xmin>
			<ymin>306</ymin>
			<xmax>457</xmax>
			<ymax>334</ymax>
		</bndbox>
	</object>
	<object>
		<name>leading edge</name>
		<pose>Unspecified</pose>
		<truncated>0</truncated>
		<difficult>0</difficult>
		<bndbox>
			<xmin>654</xmin>
			<ymin>330</ymin>
			<xmax>699</xmax>
			<ymax>350</ymax>
		</bndbox>
	</object>
	<object>
		<name>leading edge</name>
		<pose>Unspecified</pose>
		<truncated>0</truncated>
		<difficult>0</difficult>
		<bndbox>
			<xmin>898</xmin>
			<ymin>311</ymin>
			<xmax>956</xmax>
			<ymax>343</ymax>
		</bndbox>
	</object>
	<object>
		<name>leading edge</name>
		<pose>Unspecified</pose>
		<truncated>0</truncated>
		<difficult>0</difficult>
		<bndbox>
			<xmin>1158</xmin>
			<ymin>265</ymin>
			<xmax>1206</xmax>
			<ymax>294</ymax>
		</bndbox>
	</object>
	<object>
		<name>leading edge</name>
		<pose>Unspecified</pose>
		<truncated>0</truncated>
		<difficult>0</difficult>
		<bndbox>
			<xmin>1382</xmin>
			<ymin>182</ymin>
			<xmax>1421</xmax>
			<ymax>197</ymax>
		</bndbox>
	</object>
</annotation>
