<annotation>
	<folder>jpg</folder>
	<filename>183.jpg</filename>
	<path>C:\Users\sanhang\Desktop\jpg\183.jpg</path>
	<source>
		<database>Unknown</database>
	</source>
	<size>
		<width>370</width>
		<height>618</height>
		<depth>3</depth>
	</size>
	<segmented>0</segmented>
	<object>
		<name>leading edge</name>
		<pose>Unspecified</pose>
		<truncated>0</truncated>
		<difficult>0</difficult>
		<bndbox>
			<xmin>88</xmin>
			<ymin>89</ymin>
			<xmax>117</xmax>
			<ymax>118</ymax>
		</bndbox>
	</object>
	<object>
		<name>leading edge</name>
		<pose>Unspecified</pose>
		<truncated>0</truncated>
		<difficult>0</difficult>
		<bndbox>
			<xmin>179</xmin>
			<ymin>245</ymin>
			<xmax>216</xmax>
			<ymax>276</ymax>
		</bndbox>
	</object>
	<object>
		<name>leading edge</name>
		<pose>Unspecified</pose>
		<truncated>0</truncated>
		<difficult>0</difficult>
		<bndbox>
			<xmin>266</xmin>
			<ymin>444</ymin>
			<xmax>303</xmax>
			<ymax>483</ymax>
		</bndbox>
	</object>
</annotation>
