<annotation>
	<folder>jpg</folder>
	<filename>184.jpg</filename>
	<path>C:\Users\sanhang\Desktop\jpg\184.jpg</path>
	<source>
		<database>Unknown</database>
	</source>
	<size>
		<width>432</width>
		<height>385</height>
		<depth>3</depth>
	</size>
	<segmented>0</segmented>
	<object>
		<name>leading edge</name>
		<pose>Unspecified</pose>
		<truncated>0</truncated>
		<difficult>0</difficult>
		<bndbox>
			<xmin>63</xmin>
			<ymin>46</ymin>
			<xmax>101</xmax>
			<ymax>80</ymax>
		</bndbox>
	</object>
	<object>
		<name>leading edge</name>
		<pose>Unspecified</pose>
		<truncated>0</truncated>
		<difficult>0</difficult>
		<bndbox>
			<xmin>226</xmin>
			<ymin>58</ymin>
			<xmax>262</xmax>
			<ymax>90</ymax>
		</bndbox>
	</object>
	<object>
		<name>leading edge</name>
		<pose>Unspecified</pose>
		<truncated>0</truncated>
		<difficult>0</difficult>
		<bndbox>
			<xmin>375</xmin>
			<ymin>118</ymin>
			<xmax>407</xmax>
			<ymax>143</ymax>
		</bndbox>
	</object>
</annotation>
