<annotation>
	<folder>jpg</folder>
	<filename>185.jpg</filename>
	<path>C:\Users\sanhang\Desktop\jpg\185.jpg</path>
	<source>
		<database>Unknown</database>
	</source>
	<size>
		<width>1351</width>
		<height>726</height>
		<depth>3</depth>
	</size>
	<segmented>0</segmented>
	<object>
		<name>leading edge</name>
		<pose>Unspecified</pose>
		<truncated>0</truncated>
		<difficult>0</difficult>
		<bndbox>
			<xmin>131</xmin>
			<ymin>505</ymin>
			<xmax>212</xmax>
			<ymax>574</ymax>
		</bndbox>
	</object>
	<object>
		<name>leading edge</name>
		<pose>Unspecified</pose>
		<truncated>0</truncated>
		<difficult>0</difficult>
		<bndbox>
			<xmin>437</xmin>
			<ymin>362</ymin>
			<xmax>522</xmax>
			<ymax>429</ymax>
		</bndbox>
	</object>
	<object>
		<name>leading edge</name>
		<pose>Unspecified</pose>
		<truncated>0</truncated>
		<difficult>0</difficult>
		<bndbox>
			<xmin>792</xmin>
			<ymin>214</ymin>
			<xmax>872</xmax>
			<ymax>280</ymax>
		</bndbox>
	</object>
	<object>
		<name>leading edge</name>
		<pose>Unspecified</pose>
		<truncated>0</truncated>
		<difficult>0</difficult>
		<bndbox>
			<xmin>1185</xmin>
			<ymin>69</ymin>
			<xmax>1267</xmax>
			<ymax>135</ymax>
		</bndbox>
	</object>
</annotation>
