<annotation>
	<folder>jpg</folder>
	<filename>186.jpg</filename>
	<path>C:\Users\sanhang\Desktop\jpg\186.jpg</path>
	<source>
		<database>Unknown</database>
	</source>
	<size>
		<width>474</width>
		<height>521</height>
		<depth>3</depth>
	</size>
	<segmented>0</segmented>
	<object>
		<name>leading edge</name>
		<pose>Unspecified</pose>
		<truncated>0</truncated>
		<difficult>0</difficult>
		<bndbox>
			<xmin>237</xmin>
			<ymin>160</ymin>
			<xmax>292</xmax>
			<ymax>208</ymax>
		</bndbox>
	</object>
</annotation>
