<annotation>
	<folder>jpg</folder>
	<filename>187.jpg</filename>
	<path>C:\Users\sanhang\Desktop\jpg\187.jpg</path>
	<source>
		<database>Unknown</database>
	</source>
	<size>
		<width>508</width>
		<height>417</height>
		<depth>3</depth>
	</size>
	<segmented>0</segmented>
	<object>
		<name>leading edge</name>
		<pose>Unspecified</pose>
		<truncated>0</truncated>
		<difficult>0</difficult>
		<bndbox>
			<xmin>140</xmin>
			<ymin>211</ymin>
			<xmax>185</xmax>
			<ymax>258</ymax>
		</bndbox>
	</object>
	<object>
		<name>leading edge</name>
		<pose>Unspecified</pose>
		<truncated>0</truncated>
		<difficult>0</difficult>
		<bndbox>
			<xmin>252</xmin>
			<ymin>173</ymin>
			<xmax>293</xmax>
			<ymax>210</ymax>
		</bndbox>
	</object>
	<object>
		<name>leading edge</name>
		<pose>Unspecified</pose>
		<truncated>0</truncated>
		<difficult>0</difficult>
		<bndbox>
			<xmin>383</xmin>
			<ymin>127</ymin>
			<xmax>433</xmax>
			<ymax>177</ymax>
		</bndbox>
	</object>
</annotation>
