<annotation>
	<folder>jpg</folder>
	<filename>189.jpg</filename>
	<path>C:\Users\sanhang\Desktop\jpg\189.jpg</path>
	<source>
		<database>Unknown</database>
	</source>
	<size>
		<width>395</width>
		<height>685</height>
		<depth>3</depth>
	</size>
	<segmented>0</segmented>
	<object>
		<name>leading edge</name>
		<pose>Unspecified</pose>
		<truncated>0</truncated>
		<difficult>0</difficult>
		<bndbox>
			<xmin>97</xmin>
			<ymin>353</ymin>
			<xmax>143</xmax>
			<ymax>394</ymax>
		</bndbox>
	</object>
	<object>
		<name>leading edge</name>
		<pose>Unspecified</pose>
		<truncated>0</truncated>
		<difficult>0</difficult>
		<bndbox>
			<xmin>202</xmin>
			<ymin>199</ymin>
			<xmax>239</xmax>
			<ymax>234</ymax>
		</bndbox>
	</object>
	<object>
		<name>leading edge</name>
		<pose>Unspecified</pose>
		<truncated>0</truncated>
		<difficult>0</difficult>
		<bndbox>
			<xmin>305</xmin>
			<ymin>44</ymin>
			<xmax>341</xmax>
			<ymax>75</ymax>
		</bndbox>
	</object>
</annotation>
