<annotation>
	<folder>JPEGImages</folder>
	<filename>19.jpg</filename>
	<path>C:\Users\sanhang\Desktop\JPEGImages\19.jpg</path>
	<source>
		<database>Unknown</database>
	</source>
	<size>
		<width>221</width>
		<height>267</height>
		<depth>3</depth>
	</size>
	<segmented>0</segmented>
	<object>
		<name>leading edge</name>
		<pose>Unspecified</pose>
		<truncated>0</truncated>
		<difficult>0</difficult>
		<bndbox>
			<xmin>105</xmin>
			<ymin>211</ymin>
			<xmax>164</xmax>
			<ymax>241</ymax>
		</bndbox>
	</object>
</annotation>
