<annotation>
	<folder>jpg</folder>
	<filename>190.jpg</filename>
	<path>C:\Users\sanhang\Desktop\jpg\190.jpg</path>
	<source>
		<database>Unknown</database>
	</source>
	<size>
		<width>516</width>
		<height>574</height>
		<depth>3</depth>
	</size>
	<segmented>0</segmented>
	<object>
		<name>leading edge</name>
		<pose>Unspecified</pose>
		<truncated>0</truncated>
		<difficult>0</difficult>
		<bndbox>
			<xmin>113</xmin>
			<ymin>228</ymin>
			<xmax>190</xmax>
			<ymax>289</ymax>
		</bndbox>
	</object>
	<object>
		<name>leading edge</name>
		<pose>Unspecified</pose>
		<truncated>0</truncated>
		<difficult>0</difficult>
		<bndbox>
			<xmin>323</xmin>
			<ymin>136</ymin>
			<xmax>396</xmax>
			<ymax>206</ymax>
		</bndbox>
	</object>
</annotation>
