<annotation>
	<folder>jpg</folder>
	<filename>191.jpg</filename>
	<path>C:\Users\sanhang\Desktop\jpg\191.jpg</path>
	<source>
		<database>Unknown</database>
	</source>
	<size>
		<width>568</width>
		<height>633</height>
		<depth>3</depth>
	</size>
	<segmented>0</segmented>
	<object>
		<name>leading edge</name>
		<pose>Unspecified</pose>
		<truncated>0</truncated>
		<difficult>0</difficult>
		<bndbox>
			<xmin>103</xmin>
			<ymin>121</ymin>
			<xmax>157</xmax>
			<ymax>172</ymax>
		</bndbox>
	</object>
	<object>
		<name>leading edge</name>
		<pose>Unspecified</pose>
		<truncated>0</truncated>
		<difficult>0</difficult>
		<bndbox>
			<xmin>242</xmin>
			<ymin>306</ymin>
			<xmax>306</xmax>
			<ymax>367</ymax>
		</bndbox>
	</object>
	<object>
		<name>leading edge</name>
		<pose>Unspecified</pose>
		<truncated>0</truncated>
		<difficult>0</difficult>
		<bndbox>
			<xmin>387</xmin>
			<ymin>497</ymin>
			<xmax>444</xmax>
			<ymax>546</ymax>
		</bndbox>
	</object>
</annotation>
