<annotation>
	<folder>jpg</folder>
	<filename>192.jpg</filename>
	<path>C:\Users\sanhang\Desktop\jpg\192.jpg</path>
	<source>
		<database>Unknown</database>
	</source>
	<size>
		<width>631</width>
		<height>614</height>
		<depth>3</depth>
	</size>
	<segmented>0</segmented>
	<object>
		<name>leading edge</name>
		<pose>Unspecified</pose>
		<truncated>0</truncated>
		<difficult>0</difficult>
		<bndbox>
			<xmin>64</xmin>
			<ymin>95</ymin>
			<xmax>107</xmax>
			<ymax>133</ymax>
		</bndbox>
	</object>
	<object>
		<name>leading edge</name>
		<pose>Unspecified</pose>
		<truncated>0</truncated>
		<difficult>0</difficult>
		<bndbox>
			<xmin>150</xmin>
			<ymin>181</ymin>
			<xmax>191</xmax>
			<ymax>219</ymax>
		</bndbox>
	</object>
	<object>
		<name>leading edge</name>
		<pose>Unspecified</pose>
		<truncated>0</truncated>
		<difficult>0</difficult>
		<bndbox>
			<xmin>225</xmin>
			<ymin>257</ymin>
			<xmax>266</xmax>
			<ymax>295</ymax>
		</bndbox>
	</object>
	<object>
		<name>leading edge</name>
		<pose>Unspecified</pose>
		<truncated>0</truncated>
		<difficult>0</difficult>
		<bndbox>
			<xmin>288</xmin>
			<ymin>327</ymin>
			<xmax>337</xmax>
			<ymax>364</ymax>
		</bndbox>
	</object>
	<object>
		<name>leading edge</name>
		<pose>Unspecified</pose>
		<truncated>0</truncated>
		<difficult>0</difficult>
		<bndbox>
			<xmin>352</xmin>
			<ymin>400</ymin>
			<xmax>394</xmax>
			<ymax>436</ymax>
		</bndbox>
	</object>
</annotation>
