<annotation>
	<folder>jpg</folder>
	<filename>193.jpg</filename>
	<path>C:\Users\sanhang\Desktop\jpg\193.jpg</path>
	<source>
		<database>Unknown</database>
	</source>
	<size>
		<width>331</width>
		<height>453</height>
		<depth>3</depth>
	</size>
	<segmented>0</segmented>
	<object>
		<name>leading edge</name>
		<pose>Unspecified</pose>
		<truncated>0</truncated>
		<difficult>0</difficult>
		<bndbox>
			<xmin>118</xmin>
			<ymin>141</ymin>
			<xmax>181</xmax>
			<ymax>186</ymax>
		</bndbox>
	</object>
</annotation>
