<annotation>
	<folder>jpg</folder>
	<filename>194.jpg</filename>
	<path>C:\Users\sanhang\Desktop\jpg\194.jpg</path>
	<source>
		<database>Unknown</database>
	</source>
	<size>
		<width>622</width>
		<height>627</height>
		<depth>3</depth>
	</size>
	<segmented>0</segmented>
	<object>
		<name>leading edge</name>
		<pose>Unspecified</pose>
		<truncated>0</truncated>
		<difficult>0</difficult>
		<bndbox>
			<xmin>226</xmin>
			<ymin>232</ymin>
			<xmax>337</xmax>
			<ymax>284</ymax>
		</bndbox>
	</object>
</annotation>
