<annotation>
	<folder>jpg</folder>
	<filename>195.jpg</filename>
	<path>C:\Users\sanhang\Desktop\jpg\195.jpg</path>
	<source>
		<database>Unknown</database>
	</source>
	<size>
		<width>514</width>
		<height>468</height>
		<depth>3</depth>
	</size>
	<segmented>0</segmented>
	<object>
		<name>leading edge</name>
		<pose>Unspecified</pose>
		<truncated>0</truncated>
		<difficult>0</difficult>
		<bndbox>
			<xmin>249</xmin>
			<ymin>172</ymin>
			<xmax>322</xmax>
			<ymax>247</ymax>
		</bndbox>
	</object>
</annotation>
