<annotation>
	<folder>jpg</folder>
	<filename>196.jpg</filename>
	<path>C:\Users\sanhang\Desktop\jpg\196.jpg</path>
	<source>
		<database>Unknown</database>
	</source>
	<size>
		<width>344</width>
		<height>292</height>
		<depth>3</depth>
	</size>
	<segmented>0</segmented>
	<object>
		<name>leading edge</name>
		<pose>Unspecified</pose>
		<truncated>0</truncated>
		<difficult>0</difficult>
		<bndbox>
			<xmin>82</xmin>
			<ymin>104</ymin>
			<xmax>122</xmax>
			<ymax>137</ymax>
		</bndbox>
	</object>
</annotation>
