<annotation>
	<folder>jpg</folder>
	<filename>197.jpg</filename>
	<path>C:\Users\sanhang\Desktop\jpg\197.jpg</path>
	<source>
		<database>Unknown</database>
	</source>
	<size>
		<width>451</width>
		<height>560</height>
		<depth>3</depth>
	</size>
	<segmented>0</segmented>
	<object>
		<name>leading edge</name>
		<pose>Unspecified</pose>
		<truncated>0</truncated>
		<difficult>0</difficult>
		<bndbox>
			<xmin>165</xmin>
			<ymin>242</ymin>
			<xmax>234</xmax>
			<ymax>301</ymax>
		</bndbox>
	</object>
</annotation>
