<annotation>
	<folder>jpg</folder>
	<filename>198.jpg</filename>
	<path>C:\Users\sanhang\Desktop\jpg\198.jpg</path>
	<source>
		<database>Unknown</database>
	</source>
	<size>
		<width>472</width>
		<height>480</height>
		<depth>3</depth>
	</size>
	<segmented>0</segmented>
	<object>
		<name>leading edge</name>
		<pose>Unspecified</pose>
		<truncated>0</truncated>
		<difficult>0</difficult>
		<bndbox>
			<xmin>164</xmin>
			<ymin>95</ymin>
			<xmax>222</xmax>
			<ymax>121</ymax>
		</bndbox>
	</object>
</annotation>
