<annotation>
	<folder>jpg</folder>
	<filename>199.jpg</filename>
	<path>C:\Users\sanhang\Desktop\jpg\199.jpg</path>
	<source>
		<database>Unknown</database>
	</source>
	<size>
		<width>263</width>
		<height>349</height>
		<depth>3</depth>
	</size>
	<segmented>0</segmented>
	<object>
		<name>leading edge</name>
		<pose>Unspecified</pose>
		<truncated>0</truncated>
		<difficult>0</difficult>
		<bndbox>
			<xmin>162</xmin>
			<ymin>77</ymin>
			<xmax>194</xmax>
			<ymax>97</ymax>
		</bndbox>
	</object>
</annotation>
