<annotation>
	<folder>JPEGImages</folder>
	<filename>2.jpg</filename>
	<path>C:\Users\sanhang\Desktop\JPEGImages\2.jpg</path>
	<source>
		<database>Unknown</database>
	</source>
	<size>
		<width>359</width>
		<height>390</height>
		<depth>3</depth>
	</size>
	<segmented>0</segmented>
	<object>
		<name>leading edge</name>
		<pose>Unspecified</pose>
		<truncated>0</truncated>
		<difficult>0</difficult>
		<bndbox>
			<xmin>140</xmin>
			<ymin>153</ymin>
			<xmax>217</xmax>
			<ymax>196</ymax>
		</bndbox>
	</object>
</annotation>
