<annotation>
	<folder>JPEGImages</folder>
	<filename>20.jpg</filename>
	<path>C:\Users\sanhang\Desktop\JPEGImages\20.jpg</path>
	<source>
		<database>Unknown</database>
	</source>
	<size>
		<width>378</width>
		<height>370</height>
		<depth>3</depth>
	</size>
	<segmented>0</segmented>
	<object>
		<name>leading edge</name>
		<pose>Unspecified</pose>
		<truncated>0</truncated>
		<difficult>0</difficult>
		<bndbox>
			<xmin>147</xmin>
			<ymin>185</ymin>
			<xmax>203</xmax>
			<ymax>220</ymax>
		</bndbox>
	</object>
</annotation>
