<annotation>
	<folder>jpg</folder>
	<filename>200.jpg</filename>
	<path>C:\Users\sanhang\Desktop\jpg\200.jpg</path>
	<source>
		<database>Unknown</database>
	</source>
	<size>
		<width>463</width>
		<height>360</height>
		<depth>3</depth>
	</size>
	<segmented>0</segmented>
	<object>
		<name>leading edge</name>
		<pose>Unspecified</pose>
		<truncated>0</truncated>
		<difficult>0</difficult>
		<bndbox>
			<xmin>231</xmin>
			<ymin>98</ymin>
			<xmax>254</xmax>
			<ymax>112</ymax>
		</bndbox>
	</object>
</annotation>
