<annotation>
	<folder>jpg</folder>
	<filename>201.jpg</filename>
	<path>C:\Users\sanhang\Desktop\jpg\201.jpg</path>
	<source>
		<database>Unknown</database>
	</source>
	<size>
		<width>351</width>
		<height>503</height>
		<depth>3</depth>
	</size>
	<segmented>0</segmented>
	<object>
		<name>leading edge</name>
		<pose>Unspecified</pose>
		<truncated>0</truncated>
		<difficult>0</difficult>
		<bndbox>
			<xmin>123</xmin>
			<ymin>59</ymin>
			<xmax>154</xmax>
			<ymax>102</ymax>
		</bndbox>
	</object>
	<object>
		<name>leading edge</name>
		<pose>Unspecified</pose>
		<truncated>0</truncated>
		<difficult>0</difficult>
		<bndbox>
			<xmin>253</xmin>
			<ymin>193</ymin>
			<xmax>294</xmax>
			<ymax>247</ymax>
		</bndbox>
	</object>
</annotation>
