<annotation>
	<folder>jpg</folder>
	<filename>202.jpg</filename>
	<path>C:\Users\sanhang\Desktop\jpg\202.jpg</path>
	<source>
		<database>Unknown</database>
	</source>
	<size>
		<width>590</width>
		<height>708</height>
		<depth>3</depth>
	</size>
	<segmented>0</segmented>
	<object>
		<name>leading edge</name>
		<pose>Unspecified</pose>
		<truncated>0</truncated>
		<difficult>0</difficult>
		<bndbox>
			<xmin>282</xmin>
			<ymin>188</ymin>
			<xmax>313</xmax>
			<ymax>213</ymax>
		</bndbox>
	</object>
	<object>
		<name>leading edge</name>
		<pose>Unspecified</pose>
		<truncated>0</truncated>
		<difficult>0</difficult>
		<bndbox>
			<xmin>299</xmin>
			<ymin>531</ymin>
			<xmax>332</xmax>
			<ymax>557</ymax>
		</bndbox>
	</object>
</annotation>
