<annotation>
	<folder>jpg</folder>
	<filename>203.jpg</filename>
	<path>C:\Users\sanhang\Desktop\jpg\203.jpg</path>
	<source>
		<database>Unknown</database>
	</source>
	<size>
		<width>673</width>
		<height>657</height>
		<depth>3</depth>
	</size>
	<segmented>0</segmented>
	<object>
		<name>leading edge</name>
		<pose>Unspecified</pose>
		<truncated>0</truncated>
		<difficult>0</difficult>
		<bndbox>
			<xmin>326</xmin>
			<ymin>133</ymin>
			<xmax>356</xmax>
			<ymax>152</ymax>
		</bndbox>
	</object>
	<object>
		<name>leading edge</name>
		<pose>Unspecified</pose>
		<truncated>0</truncated>
		<difficult>0</difficult>
		<bndbox>
			<xmin>364</xmin>
			<ymin>495</ymin>
			<xmax>394</xmax>
			<ymax>519</ymax>
		</bndbox>
	</object>
</annotation>
