<annotation>
	<folder>jpg</folder>
	<filename>204.jpg</filename>
	<path>C:\Users\sanhang\Desktop\jpg\204.jpg</path>
	<source>
		<database>Unknown</database>
	</source>
	<size>
		<width>391</width>
		<height>713</height>
		<depth>3</depth>
	</size>
	<segmented>0</segmented>
	<object>
		<name>leading edge</name>
		<pose>Unspecified</pose>
		<truncated>0</truncated>
		<difficult>0</difficult>
		<bndbox>
			<xmin>304</xmin>
			<ymin>133</ymin>
			<xmax>348</xmax>
			<ymax>170</ymax>
		</bndbox>
	</object>
	<object>
		<name>leading edge</name>
		<pose>Unspecified</pose>
		<truncated>0</truncated>
		<difficult>0</difficult>
		<bndbox>
			<xmin>284</xmin>
			<ymin>411</ymin>
			<xmax>330</xmax>
			<ymax>442</ymax>
		</bndbox>
	</object>
	<object>
		<name>leading edge</name>
		<pose>Unspecified</pose>
		<truncated>0</truncated>
		<difficult>0</difficult>
		<bndbox>
			<xmin>294</xmin>
			<ymin>627</ymin>
			<xmax>338</xmax>
			<ymax>659</ymax>
		</bndbox>
	</object>
</annotation>
