<annotation>
	<folder>jpg</folder>
	<filename>205.jpg</filename>
	<path>C:\Users\sanhang\Desktop\jpg\205.jpg</path>
	<source>
		<database>Unknown</database>
	</source>
	<size>
		<width>455</width>
		<height>398</height>
		<depth>3</depth>
	</size>
	<segmented>0</segmented>
	<object>
		<name>leading edge</name>
		<pose>Unspecified</pose>
		<truncated>0</truncated>
		<difficult>0</difficult>
		<bndbox>
			<xmin>368</xmin>
			<ymin>87</ymin>
			<xmax>405</xmax>
			<ymax>122</ymax>
		</bndbox>
	</object>
</annotation>
