<annotation>
	<folder>jpg</folder>
	<filename>206.jpg</filename>
	<path>C:\Users\sanhang\Desktop\jpg\206.jpg</path>
	<source>
		<database>Unknown</database>
	</source>
	<size>
		<width>695</width>
		<height>575</height>
		<depth>3</depth>
	</size>
	<segmented>0</segmented>
	<object>
		<name>leading edge</name>
		<pose>Unspecified</pose>
		<truncated>0</truncated>
		<difficult>0</difficult>
		<bndbox>
			<xmin>204</xmin>
			<ymin>275</ymin>
			<xmax>278</xmax>
			<ymax>340</ymax>
		</bndbox>
	</object>
	<object>
		<name>leading edge</name>
		<pose>Unspecified</pose>
		<truncated>0</truncated>
		<difficult>0</difficult>
		<bndbox>
			<xmin>593</xmin>
			<ymin>227</ymin>
			<xmax>653</xmax>
			<ymax>278</ymax>
		</bndbox>
	</object>
</annotation>
