<annotation>
	<folder>jpg</folder>
	<filename>207.jpg</filename>
	<path>C:\Users\sanhang\Desktop\jpg\207.jpg</path>
	<source>
		<database>Unknown</database>
	</source>
	<size>
		<width>605</width>
		<height>495</height>
		<depth>3</depth>
	</size>
	<segmented>0</segmented>
	<object>
		<name>leading edge</name>
		<pose>Unspecified</pose>
		<truncated>0</truncated>
		<difficult>0</difficult>
		<bndbox>
			<xmin>247</xmin>
			<ymin>232</ymin>
			<xmax>309</xmax>
			<ymax>251</ymax>
		</bndbox>
	</object>
	<object>
		<name>leading edge</name>
		<pose>Unspecified</pose>
		<truncated>0</truncated>
		<difficult>0</difficult>
		<bndbox>
			<xmin>260</xmin>
			<ymin>404</ymin>
			<xmax>324</xmax>
			<ymax>428</ymax>
		</bndbox>
	</object>
</annotation>
