<annotation>
	<folder>jpg</folder>
	<filename>208.jpg</filename>
	<path>C:\Users\sanhang\Desktop\jpg\208.jpg</path>
	<source>
		<database>Unknown</database>
	</source>
	<size>
		<width>781</width>
		<height>437</height>
		<depth>3</depth>
	</size>
	<segmented>0</segmented>
	<object>
		<name>leading edge</name>
		<pose>Unspecified</pose>
		<truncated>0</truncated>
		<difficult>0</difficult>
		<bndbox>
			<xmin>237</xmin>
			<ymin>121</ymin>
			<xmax>286</xmax>
			<ymax>162</ymax>
		</bndbox>
	</object>
	<object>
		<name>leading edge</name>
		<pose>Unspecified</pose>
		<truncated>0</truncated>
		<difficult>0</difficult>
		<bndbox>
			<xmin>448</xmin>
			<ymin>203</ymin>
			<xmax>496</xmax>
			<ymax>246</ymax>
		</bndbox>
	</object>
	<object>
		<name>leading edge</name>
		<pose>Unspecified</pose>
		<truncated>0</truncated>
		<difficult>0</difficult>
		<bndbox>
			<xmin>696</xmin>
			<ymin>256</ymin>
			<xmax>739</xmax>
			<ymax>291</ymax>
		</bndbox>
	</object>
</annotation>
