<annotation>
	<folder>JPEGImages</folder>
	<filename>21.jpg</filename>
	<path>C:\Users\sanhang\Desktop\JPEGImages\21.jpg</path>
	<source>
		<database>Unknown</database>
	</source>
	<size>
		<width>669</width>
		<height>662</height>
		<depth>3</depth>
	</size>
	<segmented>0</segmented>
	<object>
		<name>leading edge</name>
		<pose>Unspecified</pose>
		<truncated>0</truncated>
		<difficult>0</difficult>
		<bndbox>
			<xmin>347</xmin>
			<ymin>352</ymin>
			<xmax>406</xmax>
			<ymax>426</ymax>
		</bndbox>
	</object>
</annotation>
