<annotation>
	<folder>jpg</folder>
	<filename>210.jpg</filename>
	<path>C:\Users\sanhang\Desktop\jpg\210.jpg</path>
	<source>
		<database>Unknown</database>
	</source>
	<size>
		<width>287</width>
		<height>533</height>
		<depth>3</depth>
	</size>
	<segmented>0</segmented>
	<object>
		<name>leading edge</name>
		<pose>Unspecified</pose>
		<truncated>0</truncated>
		<difficult>0</difficult>
		<bndbox>
			<xmin>142</xmin>
			<ymin>159</ymin>
			<xmax>228</xmax>
			<ymax>199</ymax>
		</bndbox>
	</object>
</annotation>
