<annotation>
	<folder>jpg</folder>
	<filename>211.jpg</filename>
	<path>C:\Users\sanhang\Desktop\jpg\211.jpg</path>
	<source>
		<database>Unknown</database>
	</source>
	<size>
		<width>437</width>
		<height>308</height>
		<depth>3</depth>
	</size>
	<segmented>0</segmented>
	<object>
		<name>leading edge</name>
		<pose>Unspecified</pose>
		<truncated>0</truncated>
		<difficult>0</difficult>
		<bndbox>
			<xmin>55</xmin>
			<ymin>135</ymin>
			<xmax>88</xmax>
			<ymax>150</ymax>
		</bndbox>
	</object>
	<object>
		<name>leading edge</name>
		<pose>Unspecified</pose>
		<truncated>0</truncated>
		<difficult>0</difficult>
		<bndbox>
			<xmin>177</xmin>
			<ymin>116</ymin>
			<xmax>212</xmax>
			<ymax>138</ymax>
		</bndbox>
	</object>
	<object>
		<name>leading edge</name>
		<pose>Unspecified</pose>
		<truncated>0</truncated>
		<difficult>0</difficult>
		<bndbox>
			<xmin>292</xmin>
			<ymin>140</ymin>
			<xmax>326</xmax>
			<ymax>156</ymax>
		</bndbox>
	</object>
	<object>
		<name>leading edge</name>
		<pose>Unspecified</pose>
		<truncated>0</truncated>
		<difficult>0</difficult>
		<bndbox>
			<xmin>383</xmin>
			<ymin>175</ymin>
			<xmax>422</xmax>
			<ymax>194</ymax>
		</bndbox>
	</object>
</annotation>
