<annotation>
	<folder>jpg</folder>
	<filename>212.jpg</filename>
	<path>C:\Users\sanhang\Desktop\jpg\212.jpg</path>
	<source>
		<database>Unknown</database>
	</source>
	<size>
		<width>606</width>
		<height>467</height>
		<depth>3</depth>
	</size>
	<segmented>0</segmented>
	<object>
		<name>leading edge</name>
		<pose>Unspecified</pose>
		<truncated>0</truncated>
		<difficult>0</difficult>
		<bndbox>
			<xmin>148</xmin>
			<ymin>126</ymin>
			<xmax>218</xmax>
			<ymax>160</ymax>
		</bndbox>
	</object>
	<object>
		<name>leading edge</name>
		<pose>Unspecified</pose>
		<truncated>0</truncated>
		<difficult>0</difficult>
		<bndbox>
			<xmin>390</xmin>
			<ymin>262</ymin>
			<xmax>462</xmax>
			<ymax>296</ymax>
		</bndbox>
	</object>
</annotation>
