<annotation>
	<folder>jpg</folder>
	<filename>213.jpg</filename>
	<path>C:\Users\sanhang\Desktop\jpg\213.jpg</path>
	<source>
		<database>Unknown</database>
	</source>
	<size>
		<width>542</width>
		<height>502</height>
		<depth>3</depth>
	</size>
	<segmented>0</segmented>
	<object>
		<name>leading edge</name>
		<pose>Unspecified</pose>
		<truncated>0</truncated>
		<difficult>0</difficult>
		<bndbox>
			<xmin>232</xmin>
			<ymin>223</ymin>
			<xmax>295</xmax>
			<ymax>255</ymax>
		</bndbox>
	</object>
	<object>
		<name>leading edge</name>
		<pose>Unspecified</pose>
		<truncated>0</truncated>
		<difficult>0</difficult>
		<bndbox>
			<xmin>429</xmin>
			<ymin>207</ymin>
			<xmax>478</xmax>
			<ymax>229</ymax>
		</bndbox>
	</object>
</annotation>
