<annotation>
	<folder>jpg</folder>
	<filename>214.jpg</filename>
	<path>C:\Users\sanhang\Desktop\jpg\214.jpg</path>
	<source>
		<database>Unknown</database>
	</source>
	<size>
		<width>1075</width>
		<height>536</height>
		<depth>3</depth>
	</size>
	<segmented>0</segmented>
	<object>
		<name>leading edge</name>
		<pose>Unspecified</pose>
		<truncated>0</truncated>
		<difficult>0</difficult>
		<bndbox>
			<xmin>297</xmin>
			<ymin>386</ymin>
			<xmax>346</xmax>
			<ymax>446</ymax>
		</bndbox>
	</object>
	<object>
		<name>leading edge</name>
		<pose>Unspecified</pose>
		<truncated>0</truncated>
		<difficult>0</difficult>
		<bndbox>
			<xmin>461</xmin>
			<ymin>329</ymin>
			<xmax>507</xmax>
			<ymax>395</ymax>
		</bndbox>
	</object>
	<object>
		<name>leading edge</name>
		<pose>Unspecified</pose>
		<truncated>0</truncated>
		<difficult>0</difficult>
		<bndbox>
			<xmin>624</xmin>
			<ymin>283</ymin>
			<xmax>669</xmax>
			<ymax>342</ymax>
		</bndbox>
	</object>
	<object>
		<name>leading edge</name>
		<pose>Unspecified</pose>
		<truncated>0</truncated>
		<difficult>0</difficult>
		<bndbox>
			<xmin>801</xmin>
			<ymin>226</ymin>
			<xmax>847</xmax>
			<ymax>287</ymax>
		</bndbox>
	</object>
</annotation>
