<annotation>
	<folder>jpg</folder>
	<filename>215.jpg</filename>
	<path>C:\Users\sanhang\Desktop\jpg\215.jpg</path>
	<source>
		<database>Unknown</database>
	</source>
	<size>
		<width>856</width>
		<height>644</height>
		<depth>3</depth>
	</size>
	<segmented>0</segmented>
	<object>
		<name>leading edge</name>
		<pose>Unspecified</pose>
		<truncated>0</truncated>
		<difficult>0</difficult>
		<bndbox>
			<xmin>134</xmin>
			<ymin>184</ymin>
			<xmax>182</xmax>
			<ymax>207</ymax>
		</bndbox>
	</object>
	<object>
		<name>leading edge</name>
		<pose>Unspecified</pose>
		<truncated>0</truncated>
		<difficult>0</difficult>
		<bndbox>
			<xmin>352</xmin>
			<ymin>221</ymin>
			<xmax>410</xmax>
			<ymax>248</ymax>
		</bndbox>
	</object>
	<object>
		<name>leading edge</name>
		<pose>Unspecified</pose>
		<truncated>0</truncated>
		<difficult>0</difficult>
		<bndbox>
			<xmin>558</xmin>
			<ymin>254</ymin>
			<xmax>622</xmax>
			<ymax>288</ymax>
		</bndbox>
	</object>
	<object>
		<name>leading edge</name>
		<pose>Unspecified</pose>
		<truncated>0</truncated>
		<difficult>0</difficult>
		<bndbox>
			<xmin>734</xmin>
			<ymin>283</ymin>
			<xmax>802</xmax>
			<ymax>317</ymax>
		</bndbox>
	</object>
</annotation>
