<annotation>
	<folder>jpg</folder>
	<filename>217.jpg</filename>
	<path>C:\Users\sanhang\Desktop\jpg\217.jpg</path>
	<source>
		<database>Unknown</database>
	</source>
	<size>
		<width>701</width>
		<height>671</height>
		<depth>3</depth>
	</size>
	<segmented>0</segmented>
	<object>
		<name>trailing edge</name>
		<pose>Unspecified</pose>
		<truncated>0</truncated>
		<difficult>0</difficult>
		<bndbox>
			<xmin>307</xmin>
			<ymin>229</ymin>
			<xmax>363</xmax>
			<ymax>283</ymax>
		</bndbox>
	</object>
	<object>
		<name>trailing edge</name>
		<pose>Unspecified</pose>
		<truncated>0</truncated>
		<difficult>0</difficult>
		<bndbox>
			<xmin>127</xmin>
			<ymin>506</ymin>
			<xmax>179</xmax>
			<ymax>564</ymax>
		</bndbox>
	</object>
</annotation>
