<annotation>
	<folder>jpg</folder>
	<filename>218.jpg</filename>
	<path>C:\Users\sanhang\Desktop\jpg\218.jpg</path>
	<source>
		<database>Unknown</database>
	</source>
	<size>
		<width>764</width>
		<height>715</height>
		<depth>3</depth>
	</size>
	<segmented>0</segmented>
	<object>
		<name>trailing edge</name>
		<pose>Unspecified</pose>
		<truncated>0</truncated>
		<difficult>0</difficult>
		<bndbox>
			<xmin>252</xmin>
			<ymin>158</ymin>
			<xmax>273</xmax>
			<ymax>182</ymax>
		</bndbox>
	</object>
	<object>
		<name>trailing edge</name>
		<pose>Unspecified</pose>
		<truncated>0</truncated>
		<difficult>0</difficult>
		<bndbox>
			<xmin>212</xmin>
			<ymin>248</ymin>
			<xmax>238</xmax>
			<ymax>273</ymax>
		</bndbox>
	</object>
	<object>
		<name>trailing edge</name>
		<pose>Unspecified</pose>
		<truncated>0</truncated>
		<difficult>0</difficult>
		<bndbox>
			<xmin>173</xmin>
			<ymin>358</ymin>
			<xmax>199</xmax>
			<ymax>385</ymax>
		</bndbox>
	</object>
	<object>
		<name>trailing edge</name>
		<pose>Unspecified</pose>
		<truncated>0</truncated>
		<difficult>0</difficult>
		<bndbox>
			<xmin>141</xmin>
			<ymin>488</ymin>
			<xmax>165</xmax>
			<ymax>515</ymax>
		</bndbox>
	</object>
	<object>
		<name>trailing edge</name>
		<pose>Unspecified</pose>
		<truncated>0</truncated>
		<difficult>0</difficult>
		<bndbox>
			<xmin>113</xmin>
			<ymin>635</ymin>
			<xmax>139</xmax>
			<ymax>665</ymax>
		</bndbox>
	</object>
</annotation>
