<annotation>
	<folder>jpg</folder>
	<filename>219.jpg</filename>
	<path>C:\Users\sanhang\Desktop\jpg\219.jpg</path>
	<source>
		<database>Unknown</database>
	</source>
	<size>
		<width>780</width>
		<height>636</height>
		<depth>3</depth>
	</size>
	<segmented>0</segmented>
	<object>
		<name>trailing edge</name>
		<pose>Unspecified</pose>
		<truncated>0</truncated>
		<difficult>0</difficult>
		<bndbox>
			<xmin>235</xmin>
			<ymin>307</ymin>
			<xmax>365</xmax>
			<ymax>422</ymax>
		</bndbox>
	</object>
</annotation>
