<annotation>
	<folder>jpg</folder>
	<filename>220.jpg</filename>
	<path>C:\Users\sanhang\Desktop\jpg\220.jpg</path>
	<source>
		<database>Unknown</database>
	</source>
	<size>
		<width>883</width>
		<height>612</height>
		<depth>3</depth>
	</size>
	<segmented>0</segmented>
	<object>
		<name>trailing edge</name>
		<pose>Unspecified</pose>
		<truncated>0</truncated>
		<difficult>0</difficult>
		<bndbox>
			<xmin>360</xmin>
			<ymin>202</ymin>
			<xmax>389</xmax>
			<ymax>233</ymax>
		</bndbox>
	</object>
	<object>
		<name>trailing edge</name>
		<pose>Unspecified</pose>
		<truncated>0</truncated>
		<difficult>0</difficult>
		<bndbox>
			<xmin>327</xmin>
			<ymin>295</ymin>
			<xmax>356</xmax>
			<ymax>330</ymax>
		</bndbox>
	</object>
	<object>
		<name>trailing edge</name>
		<pose>Unspecified</pose>
		<truncated>0</truncated>
		<difficult>0</difficult>
		<bndbox>
			<xmin>296</xmin>
			<ymin>401</ymin>
			<xmax>325</xmax>
			<ymax>438</ymax>
		</bndbox>
	</object>
	<object>
		<name>trailing edge</name>
		<pose>Unspecified</pose>
		<truncated>0</truncated>
		<difficult>0</difficult>
		<bndbox>
			<xmin>271</xmin>
			<ymin>514</ymin>
			<xmax>299</xmax>
			<ymax>551</ymax>
		</bndbox>
	</object>
</annotation>
