<annotation>
	<folder>jpg</folder>
	<filename>221.jpg</filename>
	<path>C:\Users\sanhang\Desktop\jpg\221.jpg</path>
	<source>
		<database>Unknown</database>
	</source>
	<size>
		<width>831</width>
		<height>655</height>
		<depth>3</depth>
	</size>
	<segmented>0</segmented>
	<object>
		<name>trailing edge</name>
		<pose>Unspecified</pose>
		<truncated>0</truncated>
		<difficult>0</difficult>
		<bndbox>
			<xmin>376</xmin>
			<ymin>87</ymin>
			<xmax>421</xmax>
			<ymax>144</ymax>
		</bndbox>
	</object>
	<object>
		<name>trailing edge</name>
		<pose>Unspecified</pose>
		<truncated>0</truncated>
		<difficult>0</difficult>
		<bndbox>
			<xmin>308</xmin>
			<ymin>199</ymin>
			<xmax>348</xmax>
			<ymax>258</ymax>
		</bndbox>
	</object>
	<object>
		<name>trailing edge</name>
		<pose>Unspecified</pose>
		<truncated>0</truncated>
		<difficult>0</difficult>
		<bndbox>
			<xmin>243</xmin>
			<ymin>320</ymin>
			<xmax>283</xmax>
			<ymax>381</ymax>
		</bndbox>
	</object>
	<object>
		<name>trailing edge</name>
		<pose>Unspecified</pose>
		<truncated>0</truncated>
		<difficult>0</difficult>
		<bndbox>
			<xmin>177</xmin>
			<ymin>440</ymin>
			<xmax>213</xmax>
			<ymax>506</ymax>
		</bndbox>
	</object>
	<object>
		<name>trailing edge</name>
		<pose>Unspecified</pose>
		<truncated>0</truncated>
		<difficult>0</difficult>
		<bndbox>
			<xmin>118</xmin>
			<ymin>565</ymin>
			<xmax>157</xmax>
			<ymax>625</ymax>
		</bndbox>
	</object>
</annotation>
