<annotation>
	<folder>jpg</folder>
	<filename>222.jpg</filename>
	<path>C:\Users\sanhang\Desktop\jpg\222.jpg</path>
	<source>
		<database>Unknown</database>
	</source>
	<size>
		<width>694</width>
		<height>502</height>
		<depth>3</depth>
	</size>
	<segmented>0</segmented>
	<object>
		<name>trailing edge</name>
		<pose>Unspecified</pose>
		<truncated>0</truncated>
		<difficult>0</difficult>
		<bndbox>
			<xmin>171</xmin>
			<ymin>182</ymin>
			<xmax>439</xmax>
			<ymax>333</ymax>
		</bndbox>
	</object>
</annotation>
