<annotation>
	<folder>jpg</folder>
	<filename>223.jpg</filename>
	<path>C:\Users\sanhang\Desktop\jpg\223.jpg</path>
	<source>
		<database>Unknown</database>
	</source>
	<size>
		<width>821</width>
		<height>527</height>
		<depth>3</depth>
	</size>
	<segmented>0</segmented>
	<object>
		<name>trailing edge</name>
		<pose>Unspecified</pose>
		<truncated>0</truncated>
		<difficult>0</difficult>
		<bndbox>
			<xmin>42</xmin>
			<ymin>348</ymin>
			<xmax>112</xmax>
			<ymax>371</ymax>
		</bndbox>
	</object>
	<object>
		<name>trailing edge</name>
		<pose>Unspecified</pose>
		<truncated>0</truncated>
		<difficult>0</difficult>
		<bndbox>
			<xmin>237</xmin>
			<ymin>328</ymin>
			<xmax>303</xmax>
			<ymax>353</ymax>
		</bndbox>
	</object>
	<object>
		<name>trailing edge</name>
		<pose>Unspecified</pose>
		<truncated>0</truncated>
		<difficult>0</difficult>
		<bndbox>
			<xmin>433</xmin>
			<ymin>316</ymin>
			<xmax>500</xmax>
			<ymax>343</ymax>
		</bndbox>
	</object>
	<object>
		<name>trailing edge</name>
		<pose>Unspecified</pose>
		<truncated>0</truncated>
		<difficult>0</difficult>
		<bndbox>
			<xmin>637</xmin>
			<ymin>316</ymin>
			<xmax>706</xmax>
			<ymax>347</ymax>
		</bndbox>
	</object>
</annotation>
