<annotation>
	<folder>jpg</folder>
	<filename>225.jpg</filename>
	<path>C:\Users\sanhang\Desktop\jpg\225.jpg</path>
	<source>
		<database>Unknown</database>
	</source>
	<size>
		<width>603</width>
		<height>439</height>
		<depth>3</depth>
	</size>
	<segmented>0</segmented>
	<object>
		<name>trailing edge</name>
		<pose>Unspecified</pose>
		<truncated>0</truncated>
		<difficult>0</difficult>
		<bndbox>
			<xmin>18</xmin>
			<ymin>245</ymin>
			<xmax>70</xmax>
			<ymax>261</ymax>
		</bndbox>
	</object>
	<object>
		<name>trailing edge</name>
		<pose>Unspecified</pose>
		<truncated>0</truncated>
		<difficult>0</difficult>
		<bndbox>
			<xmin>149</xmin>
			<ymin>245</ymin>
			<xmax>202</xmax>
			<ymax>266</ymax>
		</bndbox>
	</object>
	<object>
		<name>trailing edge</name>
		<pose>Unspecified</pose>
		<truncated>0</truncated>
		<difficult>0</difficult>
		<bndbox>
			<xmin>277</xmin>
			<ymin>249</ymin>
			<xmax>332</xmax>
			<ymax>267</ymax>
		</bndbox>
	</object>
	<object>
		<name>trailing edge</name>
		<pose>Unspecified</pose>
		<truncated>0</truncated>
		<difficult>0</difficult>
		<bndbox>
			<xmin>436</xmin>
			<ymin>254</ymin>
			<xmax>489</xmax>
			<ymax>273</ymax>
		</bndbox>
	</object>
</annotation>
