<annotation>
	<folder>jpg</folder>
	<filename>227.jpg</filename>
	<path>C:\Users\sanhang\Desktop\jpg\227.jpg</path>
	<source>
		<database>Unknown</database>
	</source>
	<size>
		<width>572</width>
		<height>533</height>
		<depth>3</depth>
	</size>
	<segmented>0</segmented>
	<object>
		<name>trailing edge</name>
		<pose>Unspecified</pose>
		<truncated>0</truncated>
		<difficult>0</difficult>
		<bndbox>
			<xmin>231</xmin>
			<ymin>182</ymin>
			<xmax>275</xmax>
			<ymax>262</ymax>
		</bndbox>
	</object>
	<object>
		<name>trailing edge</name>
		<pose>Unspecified</pose>
		<truncated>0</truncated>
		<difficult>0</difficult>
		<bndbox>
			<xmin>89</xmin>
			<ymin>320</ymin>
			<xmax>135</xmax>
			<ymax>407</ymax>
		</bndbox>
	</object>
</annotation>
