<annotation>
	<folder>jpg</folder>
	<filename>228.jpg</filename>
	<path>C:\Users\sanhang\Desktop\jpg\228.jpg</path>
	<source>
		<database>Unknown</database>
	</source>
	<size>
		<width>494</width>
		<height>397</height>
		<depth>3</depth>
	</size>
	<segmented>0</segmented>
	<object>
		<name>trailing edge</name>
		<pose>Unspecified</pose>
		<truncated>0</truncated>
		<difficult>0</difficult>
		<bndbox>
			<xmin>257</xmin>
			<ymin>183</ymin>
			<xmax>302</xmax>
			<ymax>243</ymax>
		</bndbox>
	</object>
	<object>
		<name>trailing edge</name>
		<pose>Unspecified</pose>
		<truncated>0</truncated>
		<difficult>0</difficult>
		<bndbox>
			<xmin>54</xmin>
			<ymin>169</ymin>
			<xmax>98</xmax>
			<ymax>232</ymax>
		</bndbox>
	</object>
</annotation>
