<annotation>
	<folder>jpg</folder>
	<filename>229.jpg</filename>
	<path>C:\Users\sanhang\Desktop\jpg\229.jpg</path>
	<source>
		<database>Unknown</database>
	</source>
	<size>
		<width>688</width>
		<height>610</height>
		<depth>3</depth>
	</size>
	<segmented>0</segmented>
	<object>
		<name>trailing edge</name>
		<pose>Unspecified</pose>
		<truncated>0</truncated>
		<difficult>0</difficult>
		<bndbox>
			<xmin>470</xmin>
			<ymin>112</ymin>
			<xmax>564</xmax>
			<ymax>222</ymax>
		</bndbox>
	</object>
	<object>
		<name>trailing edge</name>
		<pose>Unspecified</pose>
		<truncated>0</truncated>
		<difficult>0</difficult>
		<bndbox>
			<xmin>256</xmin>
			<ymin>187</ymin>
			<xmax>355</xmax>
			<ymax>308</ymax>
		</bndbox>
	</object>
	<object>
		<name>trailing edge</name>
		<pose>Unspecified</pose>
		<truncated>0</truncated>
		<difficult>0</difficult>
		<bndbox>
			<xmin>53</xmin>
			<ymin>369</ymin>
			<xmax>157</xmax>
			<ymax>498</ymax>
		</bndbox>
	</object>
</annotation>
