<annotation>
	<folder>jpg</folder>
	<filename>230.jpg</filename>
	<path>C:\Users\sanhang\Desktop\jpg\230.jpg</path>
	<source>
		<database>Unknown</database>
	</source>
	<size>
		<width>372</width>
		<height>580</height>
		<depth>3</depth>
	</size>
	<segmented>0</segmented>
	<object>
		<name>trailing edge</name>
		<pose>Unspecified</pose>
		<truncated>0</truncated>
		<difficult>0</difficult>
		<bndbox>
			<xmin>230</xmin>
			<ymin>80</ymin>
			<xmax>316</xmax>
			<ymax>186</ymax>
		</bndbox>
	</object>
	<object>
		<name>trailing edge</name>
		<pose>Unspecified</pose>
		<truncated>0</truncated>
		<difficult>0</difficult>
		<bndbox>
			<xmin>95</xmin>
			<ymin>392</ymin>
			<xmax>170</xmax>
			<ymax>505</ymax>
		</bndbox>
	</object>
</annotation>
