<annotation>
	<folder>jpg</folder>
	<filename>231.jpg</filename>
	<path>C:\Users\sanhang\Desktop\jpg\231.jpg</path>
	<source>
		<database>Unknown</database>
	</source>
	<size>
		<width>591</width>
		<height>569</height>
		<depth>3</depth>
	</size>
	<segmented>0</segmented>
	<object>
		<name>trailing edge</name>
		<pose>Unspecified</pose>
		<truncated>0</truncated>
		<difficult>0</difficult>
		<bndbox>
			<xmin>221</xmin>
			<ymin>167</ymin>
			<xmax>389</xmax>
			<ymax>388</ymax>
		</bndbox>
	</object>
</annotation>
