<annotation>
	<folder>jpg</folder>
	<filename>232.jpg</filename>
	<path>C:\Users\sanhang\Desktop\jpg\232.jpg</path>
	<source>
		<database>Unknown</database>
	</source>
	<size>
		<width>492</width>
		<height>438</height>
		<depth>3</depth>
	</size>
	<segmented>0</segmented>
	<object>
		<name>trailing edge</name>
		<pose>Unspecified</pose>
		<truncated>0</truncated>
		<difficult>0</difficult>
		<bndbox>
			<xmin>234</xmin>
			<ymin>122</ymin>
			<xmax>270</xmax>
			<ymax>175</ymax>
		</bndbox>
	</object>
	<object>
		<name>trailing edge</name>
		<pose>Unspecified</pose>
		<truncated>0</truncated>
		<difficult>0</difficult>
		<bndbox>
			<xmin>274</xmin>
			<ymin>300</ymin>
			<xmax>310</xmax>
			<ymax>356</ymax>
		</bndbox>
	</object>
</annotation>
