<annotation>
	<folder>jpg</folder>
	<filename>234.jpg</filename>
	<path>C:\Users\sanhang\Desktop\jpg\234.jpg</path>
	<source>
		<database>Unknown</database>
	</source>
	<size>
		<width>347</width>
		<height>418</height>
		<depth>3</depth>
	</size>
	<segmented>0</segmented>
	<object>
		<name>trailing edge</name>
		<pose>Unspecified</pose>
		<truncated>0</truncated>
		<difficult>0</difficult>
		<bndbox>
			<xmin>186</xmin>
			<ymin>145</ymin>
			<xmax>233</xmax>
			<ymax>270</ymax>
		</bndbox>
	</object>
</annotation>
