<annotation>
	<folder>jpg</folder>
	<filename>235.jpg</filename>
	<path>C:\Users\sanhang\Desktop\jpg\235.jpg</path>
	<source>
		<database>Unknown</database>
	</source>
	<size>
		<width>736</width>
		<height>595</height>
		<depth>3</depth>
	</size>
	<segmented>0</segmented>
	<object>
		<name>trailing edge</name>
		<pose>Unspecified</pose>
		<truncated>0</truncated>
		<difficult>0</difficult>
		<bndbox>
			<xmin>373</xmin>
			<ymin>102</ymin>
			<xmax>397</xmax>
			<ymax>156</ymax>
		</bndbox>
	</object>
	<object>
		<name>trailing edge</name>
		<pose>Unspecified</pose>
		<truncated>0</truncated>
		<difficult>0</difficult>
		<bndbox>
			<xmin>371</xmin>
			<ymin>296</ymin>
			<xmax>393</xmax>
			<ymax>350</ymax>
		</bndbox>
	</object>
	<object>
		<name>trailing edge</name>
		<pose>Unspecified</pose>
		<truncated>0</truncated>
		<difficult>0</difficult>
		<bndbox>
			<xmin>367</xmin>
			<ymin>486</ymin>
			<xmax>387</xmax>
			<ymax>538</ymax>
		</bndbox>
	</object>
</annotation>
