<annotation>
	<folder>jpg</folder>
	<filename>236.jpg</filename>
	<path>C:\Users\sanhang\Desktop\jpg\236.jpg</path>
	<source>
		<database>Unknown</database>
	</source>
	<size>
		<width>643</width>
		<height>478</height>
		<depth>3</depth>
	</size>
	<segmented>0</segmented>
	<object>
		<name>trailing edge</name>
		<pose>Unspecified</pose>
		<truncated>0</truncated>
		<difficult>0</difficult>
		<bndbox>
			<xmin>350</xmin>
			<ymin>125</ymin>
			<xmax>368</xmax>
			<ymax>167</ymax>
		</bndbox>
	</object>
	<object>
		<name>trailing edge</name>
		<pose>Unspecified</pose>
		<truncated>0</truncated>
		<difficult>0</difficult>
		<bndbox>
			<xmin>344</xmin>
			<ymin>269</ymin>
			<xmax>359</xmax>
			<ymax>314</ymax>
		</bndbox>
	</object>
	<object>
		<name>trailing edge</name>
		<pose>Unspecified</pose>
		<truncated>0</truncated>
		<difficult>0</difficult>
		<bndbox>
			<xmin>337</xmin>
			<ymin>400</ymin>
			<xmax>353</xmax>
			<ymax>443</ymax>
		</bndbox>
	</object>
</annotation>
