<annotation>
	<folder>jpg</folder>
	<filename>238.jpg</filename>
	<path>C:\Users\sanhang\Desktop\jpg\238.jpg</path>
	<source>
		<database>Unknown</database>
	</source>
	<size>
		<width>962</width>
		<height>609</height>
		<depth>3</depth>
	</size>
	<segmented>0</segmented>
	<object>
		<name>trailing edge</name>
		<pose>Unspecified</pose>
		<truncated>0</truncated>
		<difficult>0</difficult>
		<bndbox>
			<xmin>161</xmin>
			<ymin>148</ymin>
			<xmax>210</xmax>
			<ymax>184</ymax>
		</bndbox>
	</object>
	<object>
		<name>trailing edge</name>
		<pose>Unspecified</pose>
		<truncated>0</truncated>
		<difficult>0</difficult>
		<bndbox>
			<xmin>307</xmin>
			<ymin>212</ymin>
			<xmax>359</xmax>
			<ymax>248</ymax>
		</bndbox>
	</object>
	<object>
		<name>trailing edge</name>
		<pose>Unspecified</pose>
		<truncated>0</truncated>
		<difficult>0</difficult>
		<bndbox>
			<xmin>428</xmin>
			<ymin>269</ymin>
			<xmax>484</xmax>
			<ymax>301</ymax>
		</bndbox>
	</object>
	<object>
		<name>trailing edge</name>
		<pose>Unspecified</pose>
		<truncated>0</truncated>
		<difficult>0</difficult>
		<bndbox>
			<xmin>539</xmin>
			<ymin>320</ymin>
			<xmax>591</xmax>
			<ymax>351</ymax>
		</bndbox>
	</object>
	<object>
		<name>trailing edge</name>
		<pose>Unspecified</pose>
		<truncated>0</truncated>
		<difficult>0</difficult>
		<bndbox>
			<xmin>634</xmin>
			<ymin>365</ymin>
			<xmax>685</xmax>
			<ymax>397</ymax>
		</bndbox>
	</object>
	<object>
		<name>trailing edge</name>
		<pose>Unspecified</pose>
		<truncated>0</truncated>
		<difficult>0</difficult>
		<bndbox>
			<xmin>730</xmin>
			<ymin>408</ymin>
			<xmax>781</xmax>
			<ymax>438</ymax>
		</bndbox>
	</object>
</annotation>
