<annotation>
	<folder>jpg</folder>
	<filename>239.jpg</filename>
	<path>C:\Users\sanhang\Desktop\jpg\239.jpg</path>
	<source>
		<database>Unknown</database>
	</source>
	<size>
		<width>524</width>
		<height>461</height>
		<depth>3</depth>
	</size>
	<segmented>0</segmented>
	<object>
		<name>trailing edge</name>
		<pose>Unspecified</pose>
		<truncated>0</truncated>
		<difficult>0</difficult>
		<bndbox>
			<xmin>236</xmin>
			<ymin>182</ymin>
			<xmax>288</xmax>
			<ymax>242</ymax>
		</bndbox>
	</object>
	<object>
		<name>trailing edge</name>
		<pose>Unspecified</pose>
		<truncated>0</truncated>
		<difficult>0</difficult>
		<bndbox>
			<xmin>88</xmin>
			<ymin>268</ymin>
			<xmax>138</xmax>
			<ymax>328</ymax>
		</bndbox>
	</object>
</annotation>
