<annotation>
	<folder>jpg</folder>
	<filename>240.jpg</filename>
	<path>C:\Users\sanhang\Desktop\jpg\240.jpg</path>
	<source>
		<database>Unknown</database>
	</source>
	<size>
		<width>466</width>
		<height>413</height>
		<depth>3</depth>
	</size>
	<segmented>0</segmented>
	<object>
		<name>trailing edge</name>
		<pose>Unspecified</pose>
		<truncated>0</truncated>
		<difficult>0</difficult>
		<bndbox>
			<xmin>113</xmin>
			<ymin>183</ymin>
			<xmax>251</xmax>
			<ymax>273</ymax>
		</bndbox>
	</object>
</annotation>
