<annotation>
	<folder>jpg</folder>
	<filename>242.jpg</filename>
	<path>C:\Users\sanhang\Desktop\jpg\242.jpg</path>
	<source>
		<database>Unknown</database>
	</source>
	<size>
		<width>878</width>
		<height>462</height>
		<depth>3</depth>
	</size>
	<segmented>0</segmented>
	<object>
		<name>trailing edge</name>
		<pose>Unspecified</pose>
		<truncated>0</truncated>
		<difficult>0</difficult>
		<bndbox>
			<xmin>33</xmin>
			<ymin>84</ymin>
			<xmax>215</xmax>
			<ymax>171</ymax>
		</bndbox>
	</object>
	<object>
		<name>trailing edge</name>
		<pose>Unspecified</pose>
		<truncated>0</truncated>
		<difficult>0</difficult>
		<bndbox>
			<xmin>343</xmin>
			<ymin>103</ymin>
			<xmax>522</xmax>
			<ymax>186</ymax>
		</bndbox>
	</object>
	<object>
		<name>trailing edge</name>
		<pose>Unspecified</pose>
		<truncated>0</truncated>
		<difficult>0</difficult>
		<bndbox>
			<xmin>595</xmin>
			<ymin>202</ymin>
			<xmax>775</xmax>
			<ymax>286</ymax>
		</bndbox>
	</object>
</annotation>
