<annotation>
	<folder>jpg</folder>
	<filename>243.jpg</filename>
	<path>C:\Users\sanhang\Desktop\jpg\243.jpg</path>
	<source>
		<database>Unknown</database>
	</source>
	<size>
		<width>472</width>
		<height>445</height>
		<depth>3</depth>
	</size>
	<segmented>0</segmented>
	<object>
		<name>trailing edge</name>
		<pose>Unspecified</pose>
		<truncated>0</truncated>
		<difficult>0</difficult>
		<bndbox>
			<xmin>136</xmin>
			<ymin>119</ymin>
			<xmax>336</xmax>
			<ymax>198</ymax>
		</bndbox>
	</object>
</annotation>
