<annotation>
	<folder>jpg</folder>
	<filename>244.jpg</filename>
	<path>C:\Users\sanhang\Desktop\jpg\244.jpg</path>
	<source>
		<database>Unknown</database>
	</source>
	<size>
		<width>575</width>
		<height>489</height>
		<depth>3</depth>
	</size>
	<segmented>0</segmented>
	<object>
		<name>trailing edge</name>
		<pose>Unspecified</pose>
		<truncated>0</truncated>
		<difficult>0</difficult>
		<bndbox>
			<xmin>36</xmin>
			<ymin>71</ymin>
			<xmax>204</xmax>
			<ymax>131</ymax>
		</bndbox>
	</object>
	<object>
		<name>trailing edge</name>
		<pose>Unspecified</pose>
		<truncated>0</truncated>
		<difficult>0</difficult>
		<bndbox>
			<xmin>363</xmin>
			<ymin>49</ymin>
			<xmax>525</xmax>
			<ymax>114</ymax>
		</bndbox>
	</object>
</annotation>
