<annotation>
	<folder>jpg</folder>
	<filename>245.jpg</filename>
	<path>C:\Users\sanhang\Desktop\jpg\245.jpg</path>
	<source>
		<database>Unknown</database>
	</source>
	<size>
		<width>1034</width>
		<height>625</height>
		<depth>3</depth>
	</size>
	<segmented>0</segmented>
	<object>
		<name>trailing edge</name>
		<pose>Unspecified</pose>
		<truncated>0</truncated>
		<difficult>0</difficult>
		<bndbox>
			<xmin>58</xmin>
			<ymin>234</ymin>
			<xmax>240</xmax>
			<ymax>298</ymax>
		</bndbox>
	</object>
	<object>
		<name>trailing edge</name>
		<pose>Unspecified</pose>
		<truncated>0</truncated>
		<difficult>0</difficult>
		<bndbox>
			<xmin>396</xmin>
			<ymin>190</ymin>
			<xmax>571</xmax>
			<ymax>257</ymax>
		</bndbox>
	</object>
	<object>
		<name>trailing edge</name>
		<pose>Unspecified</pose>
		<truncated>0</truncated>
		<difficult>0</difficult>
		<bndbox>
			<xmin>719</xmin>
			<ymin>171</ymin>
			<xmax>892</xmax>
			<ymax>246</ymax>
		</bndbox>
	</object>
</annotation>
