<annotation>
	<folder>jpg</folder>
	<filename>246.jpg</filename>
	<path>C:\Users\sanhang\Desktop\jpg\246.jpg</path>
	<source>
		<database>Unknown</database>
	</source>
	<size>
		<width>414</width>
		<height>409</height>
		<depth>3</depth>
	</size>
	<segmented>0</segmented>
	<object>
		<name>trailing edge</name>
		<pose>Unspecified</pose>
		<truncated>0</truncated>
		<difficult>0</difficult>
		<bndbox>
			<xmin>91</xmin>
			<ymin>277</ymin>
			<xmax>185</xmax>
			<ymax>312</ymax>
		</bndbox>
	</object>
	<object>
		<name>trailing edge</name>
		<pose>Unspecified</pose>
		<truncated>0</truncated>
		<difficult>0</difficult>
		<bndbox>
			<xmin>284</xmin>
			<ymin>92</ymin>
			<xmax>374</xmax>
			<ymax>125</ymax>
		</bndbox>
	</object>
</annotation>
