<annotation>
	<folder>jpg</folder>
	<filename>247.jpg</filename>
	<path>C:\Users\sanhang\Desktop\jpg\247.jpg</path>
	<source>
		<database>Unknown</database>
	</source>
	<size>
		<width>408</width>
		<height>436</height>
		<depth>3</depth>
	</size>
	<segmented>0</segmented>
	<object>
		<name>trailing edge</name>
		<pose>Unspecified</pose>
		<truncated>0</truncated>
		<difficult>0</difficult>
		<bndbox>
			<xmin>75</xmin>
			<ymin>165</ymin>
			<xmax>290</xmax>
			<ymax>245</ymax>
		</bndbox>
	</object>
</annotation>
