<annotation>
	<folder>jpg</folder>
	<filename>248.jpg</filename>
	<path>C:\Users\sanhang\Desktop\jpg\248.jpg</path>
	<source>
		<database>Unknown</database>
	</source>
	<size>
		<width>1328</width>
		<height>505</height>
		<depth>3</depth>
	</size>
	<segmented>0</segmented>
	<object>
		<name>trailing edge</name>
		<pose>Unspecified</pose>
		<truncated>0</truncated>
		<difficult>0</difficult>
		<bndbox>
			<xmin>79</xmin>
			<ymin>288</ymin>
			<xmax>175</xmax>
			<ymax>320</ymax>
		</bndbox>
	</object>
	<object>
		<name>trailing edge</name>
		<pose>Unspecified</pose>
		<truncated>0</truncated>
		<difficult>0</difficult>
		<bndbox>
			<xmin>397</xmin>
			<ymin>219</ymin>
			<xmax>500</xmax>
			<ymax>257</ymax>
		</bndbox>
	</object>
	<object>
		<name>trailing edge</name>
		<pose>Unspecified</pose>
		<truncated>0</truncated>
		<difficult>0</difficult>
		<bndbox>
			<xmin>727</xmin>
			<ymin>155</ymin>
			<xmax>826</xmax>
			<ymax>193</ymax>
		</bndbox>
	</object>
	<object>
		<name>trailing edge</name>
		<pose>Unspecified</pose>
		<truncated>0</truncated>
		<difficult>0</difficult>
		<bndbox>
			<xmin>1068</xmin>
			<ymin>110</ymin>
			<xmax>1169</xmax>
			<ymax>147</ymax>
		</bndbox>
	</object>
</annotation>
