<annotation>
	<folder>jpg</folder>
	<filename>251.jpg</filename>
	<path>C:\Users\sanhang\Desktop\jpg\251.jpg</path>
	<source>
		<database>Unknown</database>
	</source>
	<size>
		<width>898</width>
		<height>635</height>
		<depth>3</depth>
	</size>
	<segmented>0</segmented>
	<object>
		<name>trailing edge</name>
		<pose>Unspecified</pose>
		<truncated>0</truncated>
		<difficult>0</difficult>
		<bndbox>
			<xmin>57</xmin>
			<ymin>195</ymin>
			<xmax>180</xmax>
			<ymax>236</ymax>
		</bndbox>
	</object>
	<object>
		<name>trailing edge</name>
		<pose>Unspecified</pose>
		<truncated>0</truncated>
		<difficult>0</difficult>
		<bndbox>
			<xmin>400</xmin>
			<ymin>243</ymin>
			<xmax>528</xmax>
			<ymax>282</ymax>
		</bndbox>
	</object>
	<object>
		<name>trailing edge</name>
		<pose>Unspecified</pose>
		<truncated>0</truncated>
		<difficult>0</difficult>
		<bndbox>
			<xmin>709</xmin>
			<ymin>287</ymin>
			<xmax>839</xmax>
			<ymax>320</ymax>
		</bndbox>
	</object>
</annotation>
