<annotation>
	<folder>jpg</folder>
	<filename>252.jpg</filename>
	<path>C:\Users\sanhang\Desktop\jpg\252.jpg</path>
	<source>
		<database>Unknown</database>
	</source>
	<size>
		<width>815</width>
		<height>436</height>
		<depth>3</depth>
	</size>
	<segmented>0</segmented>
	<object>
		<name>trailing edge</name>
		<pose>Unspecified</pose>
		<truncated>0</truncated>
		<difficult>0</difficult>
		<bndbox>
			<xmin>37</xmin>
			<ymin>98</ymin>
			<xmax>151</xmax>
			<ymax>238</ymax>
		</bndbox>
	</object>
	<object>
		<name>trailing edge</name>
		<pose>Unspecified</pose>
		<truncated>0</truncated>
		<difficult>0</difficult>
		<bndbox>
			<xmin>428</xmin>
			<ymin>80</ymin>
			<xmax>540</xmax>
			<ymax>211</ymax>
		</bndbox>
	</object>
</annotation>
