<annotation>
	<folder>jpg</folder>
	<filename>253.jpg</filename>
	<path>C:\Users\sanhang\Desktop\jpg\253.jpg</path>
	<source>
		<database>Unknown</database>
	</source>
	<size>
		<width>627</width>
		<height>394</height>
		<depth>3</depth>
	</size>
	<segmented>0</segmented>
	<object>
		<name>trailing edge</name>
		<pose>Unspecified</pose>
		<truncated>0</truncated>
		<difficult>0</difficult>
		<bndbox>
			<xmin>88</xmin>
			<ymin>225</ymin>
			<xmax>132</xmax>
			<ymax>278</ymax>
		</bndbox>
	</object>
	<object>
		<name>trailing edge</name>
		<pose>Unspecified</pose>
		<truncated>0</truncated>
		<difficult>0</difficult>
		<bndbox>
			<xmin>301</xmin>
			<ymin>139</ymin>
			<xmax>346</xmax>
			<ymax>196</ymax>
		</bndbox>
	</object>
</annotation>
