<annotation>
	<folder>jpg</folder>
	<filename>254.jpg</filename>
	<path>C:\Users\sanhang\Desktop\jpg\254.jpg</path>
	<source>
		<database>Unknown</database>
	</source>
	<size>
		<width>797</width>
		<height>572</height>
		<depth>3</depth>
	</size>
	<segmented>0</segmented>
	<object>
		<name>trailing edge</name>
		<pose>Unspecified</pose>
		<truncated>0</truncated>
		<difficult>0</difficult>
		<bndbox>
			<xmin>56</xmin>
			<ymin>274</ymin>
			<xmax>167</xmax>
			<ymax>332</ymax>
		</bndbox>
	</object>
	<object>
		<name>trailing edge</name>
		<pose>Unspecified</pose>
		<truncated>0</truncated>
		<difficult>0</difficult>
		<bndbox>
			<xmin>344</xmin>
			<ymin>156</ymin>
			<xmax>457</xmax>
			<ymax>211</ymax>
		</bndbox>
	</object>
	<object>
		<name>trailing edge</name>
		<pose>Unspecified</pose>
		<truncated>0</truncated>
		<difficult>0</difficult>
		<bndbox>
			<xmin>598</xmin>
			<ymin>103</ymin>
			<xmax>699</xmax>
			<ymax>147</ymax>
		</bndbox>
	</object>
</annotation>
