<annotation>
	<folder>jpg</folder>
	<filename>256.jpg</filename>
	<path>C:\Users\sanhang\Desktop\jpg\256.jpg</path>
	<source>
		<database>Unknown</database>
	</source>
	<size>
		<width>507</width>
		<height>423</height>
		<depth>3</depth>
	</size>
	<segmented>0</segmented>
	<object>
		<name>trailing edge</name>
		<pose>Unspecified</pose>
		<truncated>0</truncated>
		<difficult>0</difficult>
		<bndbox>
			<xmin>75</xmin>
			<ymin>224</ymin>
			<xmax>158</xmax>
			<ymax>273</ymax>
		</bndbox>
	</object>
	<object>
		<name>trailing edge</name>
		<pose>Unspecified</pose>
		<truncated>0</truncated>
		<difficult>0</difficult>
		<bndbox>
			<xmin>323</xmin>
			<ymin>139</ymin>
			<xmax>404</xmax>
			<ymax>190</ymax>
		</bndbox>
	</object>
</annotation>
