<annotation>
	<folder>jpg</folder>
	<filename>257.jpg</filename>
	<path>C:\Users\sanhang\Desktop\jpg\257.jpg</path>
	<source>
		<database>Unknown</database>
	</source>
	<size>
		<width>772</width>
		<height>574</height>
		<depth>3</depth>
	</size>
	<segmented>0</segmented>
	<object>
		<name>trailing edge</name>
		<pose>Unspecified</pose>
		<truncated>0</truncated>
		<difficult>0</difficult>
		<bndbox>
			<xmin>14</xmin>
			<ymin>211</ymin>
			<xmax>102</xmax>
			<ymax>263</ymax>
		</bndbox>
	</object>
	<object>
		<name>trailing edge</name>
		<pose>Unspecified</pose>
		<truncated>0</truncated>
		<difficult>0</difficult>
		<bndbox>
			<xmin>316</xmin>
			<ymin>146</ymin>
			<xmax>406</xmax>
			<ymax>197</ymax>
		</bndbox>
	</object>
	<object>
		<name>trailing edge</name>
		<pose>Unspecified</pose>
		<truncated>0</truncated>
		<difficult>0</difficult>
		<bndbox>
			<xmin>617</xmin>
			<ymin>82</ymin>
			<xmax>700</xmax>
			<ymax>135</ymax>
		</bndbox>
	</object>
</annotation>
