<annotation>
	<folder>jpg</folder>
	<filename>258.jpg</filename>
	<path>C:\Users\sanhang\Desktop\jpg\258.jpg</path>
	<source>
		<database>Unknown</database>
	</source>
	<size>
		<width>508</width>
		<height>431</height>
		<depth>3</depth>
	</size>
	<segmented>0</segmented>
	<object>
		<name>trailing edge</name>
		<pose>Unspecified</pose>
		<truncated>0</truncated>
		<difficult>0</difficult>
		<bndbox>
			<xmin>22</xmin>
			<ymin>131</ymin>
			<xmax>113</xmax>
			<ymax>166</ymax>
		</bndbox>
	</object>
	<object>
		<name>trailing edge</name>
		<pose>Unspecified</pose>
		<truncated>0</truncated>
		<difficult>0</difficult>
		<bndbox>
			<xmin>274</xmin>
			<ymin>235</ymin>
			<xmax>366</xmax>
			<ymax>270</ymax>
		</bndbox>
	</object>
</annotation>
