<annotation>
	<folder>jpg</folder>
	<filename>259.jpg</filename>
	<path>C:\Users\sanhang\Desktop\jpg\259.jpg</path>
	<source>
		<database>Unknown</database>
	</source>
	<size>
		<width>622</width>
		<height>604</height>
		<depth>3</depth>
	</size>
	<segmented>0</segmented>
	<object>
		<name>trailing edge</name>
		<pose>Unspecified</pose>
		<truncated>0</truncated>
		<difficult>0</difficult>
		<bndbox>
			<xmin>157</xmin>
			<ymin>100</ymin>
			<xmax>436</xmax>
			<ymax>184</ymax>
		</bndbox>
	</object>
</annotation>
