<annotation>
	<folder>JPEGImages</folder>
	<filename>26.jpg</filename>
	<path>C:\Users\sanhang\Desktop\JPEGImages\26.jpg</path>
	<source>
		<database>Unknown</database>
	</source>
	<size>
		<width>404</width>
		<height>430</height>
		<depth>3</depth>
	</size>
	<segmented>0</segmented>
	<object>
		<name>leading edge</name>
		<pose>Unspecified</pose>
		<truncated>0</truncated>
		<difficult>0</difficult>
		<bndbox>
			<xmin>65</xmin>
			<ymin>218</ymin>
			<xmax>86</xmax>
			<ymax>234</ymax>
		</bndbox>
	</object>
	<object>
		<name>leading edge</name>
		<pose>Unspecified</pose>
		<truncated>0</truncated>
		<difficult>0</difficult>
		<bndbox>
			<xmin>197</xmin>
			<ymin>190</ymin>
			<xmax>219</xmax>
			<ymax>207</ymax>
		</bndbox>
	</object>
	<object>
		<name>leading edge</name>
		<pose>Unspecified</pose>
		<truncated>0</truncated>
		<difficult>0</difficult>
		<bndbox>
			<xmin>329</xmin>
			<ymin>159</ymin>
			<xmax>355</xmax>
			<ymax>174</ymax>
		</bndbox>
	</object>
</annotation>
