<annotation>
	<folder>jpg</folder>
	<filename>260.jpg</filename>
	<path>C:\Users\sanhang\Desktop\jpg\260.jpg</path>
	<source>
		<database>Unknown</database>
	</source>
	<size>
		<width>881</width>
		<height>427</height>
		<depth>3</depth>
	</size>
	<segmented>0</segmented>
	<object>
		<name>trailing edge</name>
		<pose>Unspecified</pose>
		<truncated>0</truncated>
		<difficult>0</difficult>
		<bndbox>
			<xmin>22</xmin>
			<ymin>197</ymin>
			<xmax>109</xmax>
			<ymax>228</ymax>
		</bndbox>
	</object>
	<object>
		<name>trailing edge</name>
		<pose>Unspecified</pose>
		<truncated>0</truncated>
		<difficult>0</difficult>
		<bndbox>
			<xmin>232</xmin>
			<ymin>174</ymin>
			<xmax>326</xmax>
			<ymax>207</ymax>
		</bndbox>
	</object>
	<object>
		<name>trailing edge</name>
		<pose>Unspecified</pose>
		<truncated>0</truncated>
		<difficult>0</difficult>
		<bndbox>
			<xmin>452</xmin>
			<ymin>150</ymin>
			<xmax>548</xmax>
			<ymax>186</ymax>
		</bndbox>
	</object>
	<object>
		<name>trailing edge</name>
		<pose>Unspecified</pose>
		<truncated>0</truncated>
		<difficult>0</difficult>
		<bndbox>
			<xmin>688</xmin>
			<ymin>130</ymin>
			<xmax>779</xmax>
			<ymax>168</ymax>
		</bndbox>
	</object>
</annotation>
