<annotation>
	<folder>jpg</folder>
	<filename>261.jpg</filename>
	<path>C:\Users\sanhang\Desktop\jpg\261.jpg</path>
	<source>
		<database>Unknown</database>
	</source>
	<size>
		<width>336</width>
		<height>383</height>
		<depth>3</depth>
	</size>
	<segmented>0</segmented>
	<object>
		<name>trailing edge</name>
		<pose>Unspecified</pose>
		<truncated>0</truncated>
		<difficult>0</difficult>
		<bndbox>
			<xmin>72</xmin>
			<ymin>144</ymin>
			<xmax>194</xmax>
			<ymax>184</ymax>
		</bndbox>
	</object>
</annotation>
