<annotation>
	<folder>jpg</folder>
	<filename>263.jpg</filename>
	<path>C:\Users\sanhang\Desktop\jpg\263.jpg</path>
	<source>
		<database>Unknown</database>
	</source>
	<size>
		<width>725</width>
		<height>494</height>
		<depth>3</depth>
	</size>
	<segmented>0</segmented>
	<object>
		<name>trailing edge</name>
		<pose>Unspecified</pose>
		<truncated>0</truncated>
		<difficult>0</difficult>
		<bndbox>
			<xmin>103</xmin>
			<ymin>27</ymin>
			<xmax>164</xmax>
			<ymax>58</ymax>
		</bndbox>
	</object>
	<object>
		<name>trailing edge</name>
		<pose>Unspecified</pose>
		<truncated>0</truncated>
		<difficult>0</difficult>
		<bndbox>
			<xmin>539</xmin>
			<ymin>77</ymin>
			<xmax>598</xmax>
			<ymax>110</ymax>
		</bndbox>
	</object>
</annotation>
