<annotation>
	<folder>JPEGImages</folder>
	<filename>265.jpg</filename>
	<path>C:/Users/sanhang/Desktop/LDEG2021/JPEGImages/265.jpg</path>
	<source>
		<database>Unknown</database>
	</source>
	<size>
		<width>465</width>
		<height>379</height>
		<depth>3</depth>
	</size>
	<segmented>0</segmented>
	<object>
		<name>trailing edge</name>
		<pose>Unspecified</pose>
		<truncated>0</truncated>
		<difficult>0</difficult>
		<bndbox>
			<xmin>65</xmin>
			<ymin>96</ymin>
			<xmax>139</xmax>
			<ymax>192</ymax>
		</bndbox>
	</object>
	<object>
		<name>trailing edge</name>
		<pose>Unspecified</pose>
		<truncated>0</truncated>
		<difficult>0</difficult>
		<bndbox>
			<xmin>231</xmin>
			<ymin>84</ymin>
			<xmax>306</xmax>
			<ymax>178</ymax>
		</bndbox>
	</object>
</annotation>
