<annotation>
	<folder>jpg</folder>
	<filename>266.jpg</filename>
	<path>C:\Users\sanhang\Desktop\jpg\266.jpg</path>
	<source>
		<database>Unknown</database>
	</source>
	<size>
		<width>437</width>
		<height>367</height>
		<depth>3</depth>
	</size>
	<segmented>0</segmented>
	<object>
		<name>trailing edge</name>
		<pose>Unspecified</pose>
		<truncated>0</truncated>
		<difficult>0</difficult>
		<bndbox>
			<xmin>22</xmin>
			<ymin>165</ymin>
			<xmax>75</xmax>
			<ymax>239</ymax>
		</bndbox>
	</object>
	<object>
		<name>trailing edge</name>
		<pose>Unspecified</pose>
		<truncated>0</truncated>
		<difficult>0</difficult>
		<bndbox>
			<xmin>145</xmin>
			<ymin>133</ymin>
			<xmax>196</xmax>
			<ymax>204</ymax>
		</bndbox>
	</object>
	<object>
		<name>trailing edge</name>
		<pose>Unspecified</pose>
		<truncated>0</truncated>
		<difficult>0</difficult>
		<bndbox>
			<xmin>275</xmin>
			<ymin>152</ymin>
			<xmax>332</xmax>
			<ymax>224</ymax>
		</bndbox>
	</object>
</annotation>
