<annotation>
	<folder>jpg</folder>
	<filename>267.jpg</filename>
	<path>C:\Users\sanhang\Desktop\jpg\267.jpg</path>
	<source>
		<database>Unknown</database>
	</source>
	<size>
		<width>394</width>
		<height>392</height>
		<depth>3</depth>
	</size>
	<segmented>0</segmented>
	<object>
		<name>trailing edge</name>
		<pose>Unspecified</pose>
		<truncated>0</truncated>
		<difficult>0</difficult>
		<bndbox>
			<xmin>26</xmin>
			<ymin>103</ymin>
			<xmax>99</xmax>
			<ymax>197</ymax>
		</bndbox>
	</object>
	<object>
		<name>trailing edge</name>
		<pose>Unspecified</pose>
		<truncated>0</truncated>
		<difficult>0</difficult>
		<bndbox>
			<xmin>207</xmin>
			<ymin>214</ymin>
			<xmax>280</xmax>
			<ymax>309</ymax>
		</bndbox>
	</object>
</annotation>
