<annotation>
	<folder>jpg</folder>
	<filename>268.jpg</filename>
	<path>C:\Users\sanhang\Desktop\jpg\268.jpg</path>
	<source>
		<database>Unknown</database>
	</source>
	<size>
		<width>507</width>
		<height>524</height>
		<depth>3</depth>
	</size>
	<segmented>0</segmented>
	<object>
		<name>trailing edge</name>
		<pose>Unspecified</pose>
		<truncated>0</truncated>
		<difficult>0</difficult>
		<bndbox>
			<xmin>58</xmin>
			<ymin>190</ymin>
			<xmax>132</xmax>
			<ymax>289</ymax>
		</bndbox>
	</object>
	<object>
		<name>trailing edge</name>
		<pose>Unspecified</pose>
		<truncated>0</truncated>
		<difficult>0</difficult>
		<bndbox>
			<xmin>359</xmin>
			<ymin>243</ymin>
			<xmax>433</xmax>
			<ymax>341</ymax>
		</bndbox>
	</object>
</annotation>
