<annotation>
	<folder>jpg</folder>
	<filename>269.jpg</filename>
	<path>C:\Users\sanhang\Desktop\jpg\269.jpg</path>
	<source>
		<database>Unknown</database>
	</source>
	<size>
		<width>316</width>
		<height>448</height>
		<depth>3</depth>
	</size>
	<segmented>0</segmented>
	<object>
		<name>trailing edge</name>
		<pose>Unspecified</pose>
		<truncated>0</truncated>
		<difficult>0</difficult>
		<bndbox>
			<xmin>11</xmin>
			<ymin>129</ymin>
			<xmax>84</xmax>
			<ymax>237</ymax>
		</bndbox>
	</object>
	<object>
		<name>trailing edge</name>
		<pose>Unspecified</pose>
		<truncated>0</truncated>
		<difficult>0</difficult>
		<bndbox>
			<xmin>143</xmin>
			<ymin>204</ymin>
			<xmax>220</xmax>
			<ymax>302</ymax>
		</bndbox>
	</object>
</annotation>
