<annotation>
	<folder>JPEGImages</folder>
	<filename>27.jpg</filename>
	<path>C:\Users\sanhang\Desktop\JPEGImages\27.jpg</path>
	<source>
		<database>Unknown</database>
	</source>
	<size>
		<width>701</width>
		<height>646</height>
		<depth>3</depth>
	</size>
	<segmented>0</segmented>
	<object>
		<name>leading edge</name>
		<pose>Unspecified</pose>
		<truncated>0</truncated>
		<difficult>0</difficult>
		<bndbox>
			<xmin>454</xmin>
			<ymin>143</ymin>
			<xmax>482</xmax>
			<ymax>182</ymax>
		</bndbox>
	</object>
	<object>
		<name>leading edge</name>
		<pose>Unspecified</pose>
		<truncated>0</truncated>
		<difficult>0</difficult>
		<bndbox>
			<xmin>472</xmin>
			<ymin>282</ymin>
			<xmax>498</xmax>
			<ymax>319</ymax>
		</bndbox>
	</object>
	<object>
		<name>leading edge</name>
		<pose>Unspecified</pose>
		<truncated>0</truncated>
		<difficult>0</difficult>
		<bndbox>
			<xmin>488</xmin>
			<ymin>401</ymin>
			<xmax>511</xmax>
			<ymax>439</ymax>
		</bndbox>
	</object>
	<object>
		<name>leading edge</name>
		<pose>Unspecified</pose>
		<truncated>0</truncated>
		<difficult>0</difficult>
		<bndbox>
			<xmin>499</xmin>
			<ymin>506</ymin>
			<xmax>517</xmax>
			<ymax>536</ymax>
		</bndbox>
	</object>
</annotation>
