<annotation>
	<folder>jpg</folder>
	<filename>270.jpg</filename>
	<path>C:\Users\sanhang\Desktop\jpg\270.jpg</path>
	<source>
		<database>Unknown</database>
	</source>
	<size>
		<width>544</width>
		<height>538</height>
		<depth>3</depth>
	</size>
	<segmented>0</segmented>
	<object>
		<name>trailing edge</name>
		<pose>Unspecified</pose>
		<truncated>0</truncated>
		<difficult>0</difficult>
		<bndbox>
			<xmin>226</xmin>
			<ymin>133</ymin>
			<xmax>313</xmax>
			<ymax>280</ymax>
		</bndbox>
	</object>
	<object>
		<name>trailing edge</name>
		<pose>Unspecified</pose>
		<truncated>0</truncated>
		<difficult>0</difficult>
		<bndbox>
			<xmin>107</xmin>
			<ymin>334</ymin>
			<xmax>188</xmax>
			<ymax>484</ymax>
		</bndbox>
	</object>
</annotation>
