<annotation>
	<folder>jpg</folder>
	<filename>272.jpg</filename>
	<path>C:\Users\sanhang\Desktop\jpg\272.jpg</path>
	<source>
		<database>Unknown</database>
	</source>
	<size>
		<width>671</width>
		<height>639</height>
		<depth>3</depth>
	</size>
	<segmented>0</segmented>
	<object>
		<name>trailing edge</name>
		<pose>Unspecified</pose>
		<truncated>0</truncated>
		<difficult>0</difficult>
		<bndbox>
			<xmin>411</xmin>
			<ymin>227</ymin>
			<xmax>501</xmax>
			<ymax>397</ymax>
		</bndbox>
	</object>
	<object>
		<name>trailing edge</name>
		<pose>Unspecified</pose>
		<truncated>0</truncated>
		<difficult>0</difficult>
		<bndbox>
			<xmin>82</xmin>
			<ymin>356</ymin>
			<xmax>184</xmax>
			<ymax>518</ymax>
		</bndbox>
	</object>
</annotation>
