<annotation>
	<folder>jpg</folder>
	<filename>273.jpg</filename>
	<path>C:\Users\sanhang\Desktop\jpg\273.jpg</path>
	<source>
		<database>Unknown</database>
	</source>
	<size>
		<width>600</width>
		<height>553</height>
		<depth>3</depth>
	</size>
	<segmented>0</segmented>
	<object>
		<name>trailing edge</name>
		<pose>Unspecified</pose>
		<truncated>0</truncated>
		<difficult>0</difficult>
		<bndbox>
			<xmin>9</xmin>
			<ymin>158</ymin>
			<xmax>99</xmax>
			<ymax>299</ymax>
		</bndbox>
	</object>
	<object>
		<name>trailing edge</name>
		<pose>Unspecified</pose>
		<truncated>0</truncated>
		<difficult>0</difficult>
		<bndbox>
			<xmin>172</xmin>
			<ymin>240</ymin>
			<xmax>268</xmax>
			<ymax>376</ymax>
		</bndbox>
	</object>
	<object>
		<name>trailing edge</name>
		<pose>Unspecified</pose>
		<truncated>0</truncated>
		<difficult>0</difficult>
		<bndbox>
			<xmin>360</xmin>
			<ymin>313</ymin>
			<xmax>463</xmax>
			<ymax>448</ymax>
		</bndbox>
	</object>
</annotation>
