<annotation>
	<folder>jpg</folder>
	<filename>275.jpg</filename>
	<path>C:\Users\sanhang\Desktop\jpg\275.jpg</path>
	<source>
		<database>Unknown</database>
	</source>
	<size>
		<width>280</width>
		<height>299</height>
		<depth>3</depth>
	</size>
	<segmented>0</segmented>
	<object>
		<name>trailing edge</name>
		<pose>Unspecified</pose>
		<truncated>0</truncated>
		<difficult>0</difficult>
		<bndbox>
			<xmin>99</xmin>
			<ymin>71</ymin>
			<xmax>117</xmax>
			<ymax>126</ymax>
		</bndbox>
	</object>
	<object>
		<name>trailing edge</name>
		<pose>Unspecified</pose>
		<truncated>0</truncated>
		<difficult>0</difficult>
		<bndbox>
			<xmin>107</xmin>
			<ymin>163</ymin>
			<xmax>126</xmax>
			<ymax>216</ymax>
		</bndbox>
	</object>
	<object>
		<name>trailing edge</name>
		<pose>Unspecified</pose>
		<truncated>0</truncated>
		<difficult>0</difficult>
		<bndbox>
			<xmin>113</xmin>
			<ymin>236</ymin>
			<xmax>134</xmax>
			<ymax>291</ymax>
		</bndbox>
	</object>
</annotation>
