<annotation>
	<folder>jpg</folder>
	<filename>276.jpg</filename>
	<path>C:\Users\sanhang\Desktop\jpg\276.jpg</path>
	<source>
		<database>Unknown</database>
	</source>
	<size>
		<width>668</width>
		<height>597</height>
		<depth>3</depth>
	</size>
	<segmented>0</segmented>
	<object>
		<name>trailing edge</name>
		<pose>Unspecified</pose>
		<truncated>0</truncated>
		<difficult>0</difficult>
		<bndbox>
			<xmin>105</xmin>
			<ymin>84</ymin>
			<xmax>173</xmax>
			<ymax>162</ymax>
		</bndbox>
	</object>
	<object>
		<name>trailing edge</name>
		<pose>Unspecified</pose>
		<truncated>0</truncated>
		<difficult>0</difficult>
		<bndbox>
			<xmin>195</xmin>
			<ymin>163</ymin>
			<xmax>267</xmax>
			<ymax>242</ymax>
		</bndbox>
	</object>
	<object>
		<name>trailing edge</name>
		<pose>Unspecified</pose>
		<truncated>0</truncated>
		<difficult>0</difficult>
		<bndbox>
			<xmin>260</xmin>
			<ymin>236</ymin>
			<xmax>335</xmax>
			<ymax>314</ymax>
		</bndbox>
	</object>
	<object>
		<name>trailing edge</name>
		<pose>Unspecified</pose>
		<truncated>0</truncated>
		<difficult>0</difficult>
		<bndbox>
			<xmin>321</xmin>
			<ymin>305</ymin>
			<xmax>391</xmax>
			<ymax>386</ymax>
		</bndbox>
	</object>
	<object>
		<name>trailing edge</name>
		<pose>Unspecified</pose>
		<truncated>0</truncated>
		<difficult>0</difficult>
		<bndbox>
			<xmin>366</xmin>
			<ymin>365</ymin>
			<xmax>442</xmax>
			<ymax>442</ymax>
		</bndbox>
	</object>
	<object>
		<name>trailing edge</name>
		<pose>Unspecified</pose>
		<truncated>0</truncated>
		<difficult>0</difficult>
		<bndbox>
			<xmin>414</xmin>
			<ymin>426</ymin>
			<xmax>487</xmax>
			<ymax>503</ymax>
		</bndbox>
	</object>
</annotation>
