<annotation>
	<folder>jpg</folder>
	<filename>277.jpg</filename>
	<path>C:\Users\sanhang\Desktop\jpg\277.jpg</path>
	<source>
		<database>Unknown</database>
	</source>
	<size>
		<width>638</width>
		<height>600</height>
		<depth>3</depth>
	</size>
	<segmented>0</segmented>
	<object>
		<name>trailing edge</name>
		<pose>Unspecified</pose>
		<truncated>0</truncated>
		<difficult>0</difficult>
		<bndbox>
			<xmin>215</xmin>
			<ymin>150</ymin>
			<xmax>286</xmax>
			<ymax>212</ymax>
		</bndbox>
	</object>
	<object>
		<name>trailing edge</name>
		<pose>Unspecified</pose>
		<truncated>0</truncated>
		<difficult>0</difficult>
		<bndbox>
			<xmin>198</xmin>
			<ymin>350</ymin>
			<xmax>267</xmax>
			<ymax>418</ymax>
		</bndbox>
	</object>
</annotation>
