<annotation>
	<folder>jpg</folder>
	<filename>278.jpg</filename>
	<path>C:\Users\sanhang\Desktop\jpg\278.jpg</path>
	<source>
		<database>Unknown</database>
	</source>
	<size>
		<width>765</width>
		<height>645</height>
		<depth>3</depth>
	</size>
	<segmented>0</segmented>
	<object>
		<name>trailing edge</name>
		<pose>Unspecified</pose>
		<truncated>0</truncated>
		<difficult>0</difficult>
		<bndbox>
			<xmin>426</xmin>
			<ymin>189</ymin>
			<xmax>512</xmax>
			<ymax>276</ymax>
		</bndbox>
	</object>
	<object>
		<name>trailing edge</name>
		<pose>Unspecified</pose>
		<truncated>0</truncated>
		<difficult>0</difficult>
		<bndbox>
			<xmin>243</xmin>
			<ymin>248</ymin>
			<xmax>334</xmax>
			<ymax>341</ymax>
		</bndbox>
	</object>
	<object>
		<name>trailing edge</name>
		<pose>Unspecified</pose>
		<truncated>0</truncated>
		<difficult>0</difficult>
		<bndbox>
			<xmin>62</xmin>
			<ymin>341</ymin>
			<xmax>154</xmax>
			<ymax>442</ymax>
		</bndbox>
	</object>
</annotation>
