<annotation>
	<folder>jpg</folder>
	<filename>279.jpg</filename>
	<path>C:\Users\sanhang\Desktop\jpg\279.jpg</path>
	<source>
		<database>Unknown</database>
	</source>
	<size>
		<width>771</width>
		<height>735</height>
		<depth>3</depth>
	</size>
	<segmented>0</segmented>
	<object>
		<name>trailing edge</name>
		<pose>Unspecified</pose>
		<truncated>0</truncated>
		<difficult>0</difficult>
		<bndbox>
			<xmin>91</xmin>
			<ymin>310</ymin>
			<xmax>242</xmax>
			<ymax>458</ymax>
		</bndbox>
	</object>
	<object>
		<name>trailing edge</name>
		<pose>Unspecified</pose>
		<truncated>0</truncated>
		<difficult>0</difficult>
		<bndbox>
			<xmin>469</xmin>
			<ymin>123</ymin>
			<xmax>619</xmax>
			<ymax>274</ymax>
		</bndbox>
	</object>
</annotation>
