<annotation>
	<folder>JPEGImages</folder>
	<filename>28.jpg</filename>
	<path>C:\Users\sanhang\Desktop\JPEGImages\28.jpg</path>
	<source>
		<database>Unknown</database>
	</source>
	<size>
		<width>681</width>
		<height>615</height>
		<depth>3</depth>
	</size>
	<segmented>0</segmented>
	<object>
		<name>leading edge</name>
		<pose>Unspecified</pose>
		<truncated>0</truncated>
		<difficult>0</difficult>
		<bndbox>
			<xmin>313</xmin>
			<ymin>93</ymin>
			<xmax>356</xmax>
			<ymax>116</ymax>
		</bndbox>
	</object>
	<object>
		<name>leading edge</name>
		<pose>Unspecified</pose>
		<truncated>0</truncated>
		<difficult>0</difficult>
		<bndbox>
			<xmin>316</xmin>
			<ymin>194</ymin>
			<xmax>364</xmax>
			<ymax>217</ymax>
		</bndbox>
	</object>
	<object>
		<name>leading edge</name>
		<pose>Unspecified</pose>
		<truncated>0</truncated>
		<difficult>0</difficult>
		<bndbox>
			<xmin>324</xmin>
			<ymin>298</ymin>
			<xmax>370</xmax>
			<ymax>318</ymax>
		</bndbox>
	</object>
	<object>
		<name>leading edge</name>
		<pose>Unspecified</pose>
		<truncated>0</truncated>
		<difficult>0</difficult>
		<bndbox>
			<xmin>328</xmin>
			<ymin>397</ymin>
			<xmax>373</xmax>
			<ymax>421</ymax>
		</bndbox>
	</object>
	<object>
		<name>leading edge</name>
		<pose>Unspecified</pose>
		<truncated>0</truncated>
		<difficult>0</difficult>
		<bndbox>
			<xmin>328</xmin>
			<ymin>478</ymin>
			<xmax>377</xmax>
			<ymax>498</ymax>
		</bndbox>
	</object>
</annotation>
