<annotation>
	<folder>jpg</folder>
	<filename>280.jpg</filename>
	<path>C:\Users\sanhang\Desktop\jpg\280.jpg</path>
	<source>
		<database>Unknown</database>
	</source>
	<size>
		<width>631</width>
		<height>641</height>
		<depth>3</depth>
	</size>
	<segmented>0</segmented>
	<object>
		<name>trailing edge</name>
		<pose>Unspecified</pose>
		<truncated>0</truncated>
		<difficult>0</difficult>
		<bndbox>
			<xmin>361</xmin>
			<ymin>14</ymin>
			<xmax>465</xmax>
			<ymax>116</ymax>
		</bndbox>
	</object>
	<object>
		<name>trailing edge</name>
		<pose>Unspecified</pose>
		<truncated>0</truncated>
		<difficult>0</difficult>
		<bndbox>
			<xmin>244</xmin>
			<ymin>207</ymin>
			<xmax>352</xmax>
			<ymax>307</ymax>
		</bndbox>
	</object>
	<object>
		<name>trailing edge</name>
		<pose>Unspecified</pose>
		<truncated>0</truncated>
		<difficult>0</difficult>
		<bndbox>
			<xmin>148</xmin>
			<ymin>385</ymin>
			<xmax>257</xmax>
			<ymax>484</ymax>
		</bndbox>
	</object>
</annotation>
