<annotation>
	<folder>jpg</folder>
	<filename>281.jpg</filename>
	<path>C:\Users\sanhang\Desktop\jpg\281.jpg</path>
	<source>
		<database>Unknown</database>
	</source>
	<size>
		<width>646</width>
		<height>553</height>
		<depth>3</depth>
	</size>
	<segmented>0</segmented>
	<object>
		<name>trailing edge</name>
		<pose>Unspecified</pose>
		<truncated>0</truncated>
		<difficult>0</difficult>
		<bndbox>
			<xmin>114</xmin>
			<ymin>271</ymin>
			<xmax>237</xmax>
			<ymax>400</ymax>
		</bndbox>
	</object>
	<object>
		<name>trailing edge</name>
		<pose>Unspecified</pose>
		<truncated>0</truncated>
		<difficult>0</difficult>
		<bndbox>
			<xmin>275</xmin>
			<ymin>31</ymin>
			<xmax>389</xmax>
			<ymax>166</ymax>
		</bndbox>
	</object>
</annotation>
