<annotation>
	<folder>jpg</folder>
	<filename>282.jpg</filename>
	<path>C:\Users\sanhang\Desktop\jpg\282.jpg</path>
	<source>
		<database>Unknown</database>
	</source>
	<size>
		<width>493</width>
		<height>543</height>
		<depth>3</depth>
	</size>
	<segmented>0</segmented>
	<object>
		<name>trailing edge</name>
		<pose>Unspecified</pose>
		<truncated>0</truncated>
		<difficult>0</difficult>
		<bndbox>
			<xmin>118</xmin>
			<ymin>14</ymin>
			<xmax>192</xmax>
			<ymax>91</ymax>
		</bndbox>
	</object>
	<object>
		<name>trailing edge</name>
		<pose>Unspecified</pose>
		<truncated>0</truncated>
		<difficult>0</difficult>
		<bndbox>
			<xmin>78</xmin>
			<ymin>326</ymin>
			<xmax>159</xmax>
			<ymax>400</ymax>
		</bndbox>
	</object>
</annotation>
