<annotation>
	<folder>jpg</folder>
	<filename>283.jpg</filename>
	<path>C:\Users\sanhang\Desktop\jpg\283.jpg</path>
	<source>
		<database>Unknown</database>
	</source>
	<size>
		<width>509</width>
		<height>427</height>
		<depth>3</depth>
	</size>
	<segmented>0</segmented>
	<object>
		<name>trailing edge</name>
		<pose>Unspecified</pose>
		<truncated>0</truncated>
		<difficult>0</difficult>
		<bndbox>
			<xmin>219</xmin>
			<ymin>45</ymin>
			<xmax>248</xmax>
			<ymax>93</ymax>
		</bndbox>
	</object>
	<object>
		<name>trailing edge</name>
		<pose>Unspecified</pose>
		<truncated>0</truncated>
		<difficult>0</difficult>
		<bndbox>
			<xmin>190</xmin>
			<ymin>151</ymin>
			<xmax>222</xmax>
			<ymax>199</ymax>
		</bndbox>
	</object>
	<object>
		<name>trailing edge</name>
		<pose>Unspecified</pose>
		<truncated>0</truncated>
		<difficult>0</difficult>
		<bndbox>
			<xmin>164</xmin>
			<ymin>258</ymin>
			<xmax>198</xmax>
			<ymax>304</ymax>
		</bndbox>
	</object>
</annotation>
