<annotation>
	<folder>jpg</folder>
	<filename>284.jpg</filename>
	<path>C:\Users\sanhang\Desktop\jpg\284.jpg</path>
	<source>
		<database>Unknown</database>
	</source>
	<size>
		<width>693</width>
		<height>611</height>
		<depth>3</depth>
	</size>
	<segmented>0</segmented>
	<object>
		<name>trailing edge</name>
		<pose>Unspecified</pose>
		<truncated>0</truncated>
		<difficult>0</difficult>
		<bndbox>
			<xmin>269</xmin>
			<ymin>48</ymin>
			<xmax>308</xmax>
			<ymax>111</ymax>
		</bndbox>
	</object>
	<object>
		<name>trailing edge</name>
		<pose>Unspecified</pose>
		<truncated>0</truncated>
		<difficult>0</difficult>
		<bndbox>
			<xmin>260</xmin>
			<ymin>166</ymin>
			<xmax>296</xmax>
			<ymax>231</ymax>
		</bndbox>
	</object>
	<object>
		<name>trailing edge</name>
		<pose>Unspecified</pose>
		<truncated>0</truncated>
		<difficult>0</difficult>
		<bndbox>
			<xmin>247</xmin>
			<ymin>303</ymin>
			<xmax>282</xmax>
			<ymax>363</ymax>
		</bndbox>
	</object>
	<object>
		<name>trailing edge</name>
		<pose>Unspecified</pose>
		<truncated>0</truncated>
		<difficult>0</difficult>
		<bndbox>
			<xmin>236</xmin>
			<ymin>451</ymin>
			<xmax>274</xmax>
			<ymax>510</ymax>
		</bndbox>
	</object>
</annotation>
