<annotation>
	<folder>jpg</folder>
	<filename>285.jpg</filename>
	<path>C:\Users\sanhang\Desktop\jpg\285.jpg</path>
	<source>
		<database>Unknown</database>
	</source>
	<size>
		<width>696</width>
		<height>544</height>
		<depth>3</depth>
	</size>
	<segmented>0</segmented>
	<object>
		<name>trailing edge</name>
		<pose>Unspecified</pose>
		<truncated>0</truncated>
		<difficult>0</difficult>
		<bndbox>
			<xmin>215</xmin>
			<ymin>63</ymin>
			<xmax>255</xmax>
			<ymax>156</ymax>
		</bndbox>
	</object>
	<object>
		<name>trailing edge</name>
		<pose>Unspecified</pose>
		<truncated>0</truncated>
		<difficult>0</difficult>
		<bndbox>
			<xmin>188</xmin>
			<ymin>238</ymin>
			<xmax>233</xmax>
			<ymax>329</ymax>
		</bndbox>
	</object>
	<object>
		<name>trailing edge</name>
		<pose>Unspecified</pose>
		<truncated>0</truncated>
		<difficult>0</difficult>
		<bndbox>
			<xmin>167</xmin>
			<ymin>403</ymin>
			<xmax>214</xmax>
			<ymax>496</ymax>
		</bndbox>
	</object>
</annotation>
