<annotation>
	<folder>jpg</folder>
	<filename>287.jpg</filename>
	<path>C:\Users\sanhang\Desktop\jpg\287.jpg</path>
	<source>
		<database>Unknown</database>
	</source>
	<size>
		<width>642</width>
		<height>635</height>
		<depth>3</depth>
	</size>
	<segmented>0</segmented>
	<object>
		<name>trailing edge</name>
		<pose>Unspecified</pose>
		<truncated>0</truncated>
		<difficult>0</difficult>
		<bndbox>
			<xmin>167</xmin>
			<ymin>187</ymin>
			<xmax>338</xmax>
			<ymax>399</ymax>
		</bndbox>
	</object>
</annotation>
