<annotation>
	<folder>jpg</folder>
	<filename>288.jpg</filename>
	<path>C:\Users\sanhang\Desktop\jpg\288.jpg</path>
	<source>
		<database>Unknown</database>
	</source>
	<size>
		<width>618</width>
		<height>592</height>
		<depth>3</depth>
	</size>
	<segmented>0</segmented>
	<object>
		<name>trailing edge</name>
		<pose>Unspecified</pose>
		<truncated>0</truncated>
		<difficult>0</difficult>
		<bndbox>
			<xmin>62</xmin>
			<ymin>159</ymin>
			<xmax>140</xmax>
			<ymax>288</ymax>
		</bndbox>
	</object>
	<object>
		<name>trailing edge</name>
		<pose>Unspecified</pose>
		<truncated>0</truncated>
		<difficult>0</difficult>
		<bndbox>
			<xmin>394</xmin>
			<ymin>316</ymin>
			<xmax>463</xmax>
			<ymax>436</ymax>
		</bndbox>
	</object>
</annotation>
