<annotation>
	<folder>jpg</folder>
	<filename>289.jpg</filename>
	<path>C:\Users\sanhang\Desktop\jpg\289.jpg</path>
	<source>
		<database>Unknown</database>
	</source>
	<size>
		<width>651</width>
		<height>712</height>
		<depth>3</depth>
	</size>
	<segmented>0</segmented>
	<object>
		<name>trailing edge</name>
		<pose>Unspecified</pose>
		<truncated>0</truncated>
		<difficult>0</difficult>
		<bndbox>
			<xmin>35</xmin>
			<ymin>153</ymin>
			<xmax>147</xmax>
			<ymax>356</ymax>
		</bndbox>
	</object>
	<object>
		<name>trailing edge</name>
		<pose>Unspecified</pose>
		<truncated>0</truncated>
		<difficult>0</difficult>
		<bndbox>
			<xmin>370</xmin>
			<ymin>364</ymin>
			<xmax>491</xmax>
			<ymax>562</ymax>
		</bndbox>
	</object>
</annotation>
