<annotation>
	<folder>JPEGImages</folder>
	<filename>29.jpg</filename>
	<path>C:\Users\sanhang\Desktop\JPEGImages\29.jpg</path>
	<source>
		<database>Unknown</database>
	</source>
	<size>
		<width>656</width>
		<height>698</height>
		<depth>3</depth>
	</size>
	<segmented>0</segmented>
	<object>
		<name>leading edge</name>
		<pose>Unspecified</pose>
		<truncated>0</truncated>
		<difficult>0</difficult>
		<bndbox>
			<xmin>497</xmin>
			<ymin>189</ymin>
			<xmax>575</xmax>
			<ymax>312</ymax>
		</bndbox>
	</object>
	<object>
		<name>leading edge</name>
		<pose>Unspecified</pose>
		<truncated>0</truncated>
		<difficult>0</difficult>
		<bndbox>
			<xmin>386</xmin>
			<ymin>300</ymin>
			<xmax>478</xmax>
			<ymax>440</ymax>
		</bndbox>
	</object>
</annotation>
