<annotation>
	<folder>jpg</folder>
	<filename>290.jpg</filename>
	<path>C:\Users\sanhang\Desktop\jpg\290.jpg</path>
	<source>
		<database>Unknown</database>
	</source>
	<size>
		<width>739</width>
		<height>680</height>
		<depth>3</depth>
	</size>
	<segmented>0</segmented>
	<object>
		<name>trailing edge</name>
		<pose>Unspecified</pose>
		<truncated>0</truncated>
		<difficult>0</difficult>
		<bndbox>
			<xmin>43</xmin>
			<ymin>277</ymin>
			<xmax>123</xmax>
			<ymax>420</ymax>
		</bndbox>
	</object>
	<object>
		<name>trailing edge</name>
		<pose>Unspecified</pose>
		<truncated>0</truncated>
		<difficult>0</difficult>
		<bndbox>
			<xmin>270</xmin>
			<ymin>275</ymin>
			<xmax>357</xmax>
			<ymax>418</ymax>
		</bndbox>
	</object>
	<object>
		<name>trailing edge</name>
		<pose>Unspecified</pose>
		<truncated>0</truncated>
		<difficult>0</difficult>
		<bndbox>
			<xmin>546</xmin>
			<ymin>357</ymin>
			<xmax>634</xmax>
			<ymax>496</ymax>
		</bndbox>
	</object>
</annotation>
