<annotation>
	<folder>jpg</folder>
	<filename>291.jpg</filename>
	<path>C:\Users\sanhang\Desktop\jpg\291.jpg</path>
	<source>
		<database>Unknown</database>
	</source>
	<size>
		<width>649</width>
		<height>575</height>
		<depth>3</depth>
	</size>
	<segmented>0</segmented>
	<object>
		<name>trailing edge</name>
		<pose>Unspecified</pose>
		<truncated>0</truncated>
		<difficult>0</difficult>
		<bndbox>
			<xmin>16</xmin>
			<ymin>196</ymin>
			<xmax>99</xmax>
			<ymax>352</ymax>
		</bndbox>
	</object>
	<object>
		<name>trailing edge</name>
		<pose>Unspecified</pose>
		<truncated>0</truncated>
		<difficult>0</difficult>
		<bndbox>
			<xmin>232</xmin>
			<ymin>247</ymin>
			<xmax>318</xmax>
			<ymax>397</ymax>
		</bndbox>
	</object>
	<object>
		<name>trailing edge</name>
		<pose>Unspecified</pose>
		<truncated>0</truncated>
		<difficult>0</difficult>
		<bndbox>
			<xmin>476</xmin>
			<ymin>336</ymin>
			<xmax>552</xmax>
			<ymax>477</ymax>
		</bndbox>
	</object>
</annotation>
