<annotation>
	<folder>jpg</folder>
	<filename>293.jpg</filename>
	<path>C:\Users\sanhang\Desktop\jpg\293.jpg</path>
	<source>
		<database>Unknown</database>
	</source>
	<size>
		<width>741</width>
		<height>577</height>
		<depth>3</depth>
	</size>
	<segmented>0</segmented>
	<object>
		<name>trailing edge</name>
		<pose>Unspecified</pose>
		<truncated>0</truncated>
		<difficult>0</difficult>
		<bndbox>
			<xmin>77</xmin>
			<ymin>224</ymin>
			<xmax>166</xmax>
			<ymax>424</ymax>
		</bndbox>
	</object>
	<object>
		<name>trailing edge</name>
		<pose>Unspecified</pose>
		<truncated>0</truncated>
		<difficult>0</difficult>
		<bndbox>
			<xmin>472</xmin>
			<ymin>328</ymin>
			<xmax>561</xmax>
			<ymax>528</ymax>
		</bndbox>
	</object>
</annotation>
