<annotation>
	<folder>jpg</folder>
	<filename>294.jpg</filename>
	<path>C:\Users\sanhang\Desktop\jpg\294.jpg</path>
	<source>
		<database>Unknown</database>
	</source>
	<size>
		<width>778</width>
		<height>555</height>
		<depth>3</depth>
	</size>
	<segmented>0</segmented>
	<object>
		<name>trailing edge</name>
		<pose>Unspecified</pose>
		<truncated>0</truncated>
		<difficult>0</difficult>
		<bndbox>
			<xmin>10</xmin>
			<ymin>262</ymin>
			<xmax>70</xmax>
			<ymax>476</ymax>
		</bndbox>
	</object>
	<object>
		<name>trailing edge</name>
		<pose>Unspecified</pose>
		<truncated>0</truncated>
		<difficult>0</difficult>
		<bndbox>
			<xmin>262</xmin>
			<ymin>228</ymin>
			<xmax>327</xmax>
			<ymax>435</ymax>
		</bndbox>
	</object>
	<object>
		<name>trailing edge</name>
		<pose>Unspecified</pose>
		<truncated>0</truncated>
		<difficult>0</difficult>
		<bndbox>
			<xmin>558</xmin>
			<ymin>179</ymin>
			<xmax>629</xmax>
			<ymax>389</ymax>
		</bndbox>
	</object>
</annotation>
