<annotation>
	<folder>jpg</folder>
	<filename>295.jpg</filename>
	<path>C:\Users\sanhang\Desktop\jpg\295.jpg</path>
	<source>
		<database>Unknown</database>
	</source>
	<size>
		<width>586</width>
		<height>611</height>
		<depth>3</depth>
	</size>
	<segmented>0</segmented>
	<object>
		<name>trailing edge</name>
		<pose>Unspecified</pose>
		<truncated>0</truncated>
		<difficult>0</difficult>
		<bndbox>
			<xmin>209</xmin>
			<ymin>203</ymin>
			<xmax>295</xmax>
			<ymax>460</ymax>
		</bndbox>
	</object>
	<object>
		<name>trailing edge</name>
		<pose>Unspecified</pose>
		<truncated>0</truncated>
		<difficult>0</difficult>
		<bndbox>
			<xmin>26</xmin>
			<ymin>276</ymin>
			<xmax>108</xmax>
			<ymax>520</ymax>
		</bndbox>
	</object>
</annotation>
