<annotation>
	<folder>jpg</folder>
	<filename>296.jpg</filename>
	<path>C:\Users\sanhang\Desktop\jpg\296.jpg</path>
	<source>
		<database>Unknown</database>
	</source>
	<size>
		<width>806</width>
		<height>581</height>
		<depth>3</depth>
	</size>
	<segmented>0</segmented>
	<object>
		<name>trailing edge</name>
		<pose>Unspecified</pose>
		<truncated>0</truncated>
		<difficult>0</difficult>
		<bndbox>
			<xmin>26</xmin>
			<ymin>262</ymin>
			<xmax>105</xmax>
			<ymax>470</ymax>
		</bndbox>
	</object>
	<object>
		<name>trailing edge</name>
		<pose>Unspecified</pose>
		<truncated>0</truncated>
		<difficult>0</difficult>
		<bndbox>
			<xmin>303</xmin>
			<ymin>202</ymin>
			<xmax>387</xmax>
			<ymax>418</ymax>
		</bndbox>
	</object>
	<object>
		<name>trailing edge</name>
		<pose>Unspecified</pose>
		<truncated>0</truncated>
		<difficult>0</difficult>
		<bndbox>
			<xmin>624</xmin>
			<ymin>139</ymin>
			<xmax>685</xmax>
			<ymax>339</ymax>
		</bndbox>
	</object>
</annotation>
