<annotation>
	<folder>jpg</folder>
	<filename>297.jpg</filename>
	<path>C:\Users\sanhang\Desktop\jpg\297.jpg</path>
	<source>
		<database>Unknown</database>
	</source>
	<size>
		<width>782</width>
		<height>775</height>
		<depth>3</depth>
	</size>
	<segmented>0</segmented>
	<object>
		<name>trailing edge</name>
		<pose>Unspecified</pose>
		<truncated>0</truncated>
		<difficult>0</difficult>
		<bndbox>
			<xmin>528</xmin>
			<ymin>137</ymin>
			<xmax>634</xmax>
			<ymax>405</ymax>
		</bndbox>
	</object>
	<object>
		<name>trailing edge</name>
		<pose>Unspecified</pose>
		<truncated>0</truncated>
		<difficult>0</difficult>
		<bndbox>
			<xmin>281</xmin>
			<ymin>276</ymin>
			<xmax>391</xmax>
			<ymax>537</ymax>
		</bndbox>
	</object>
	<object>
		<name>trailing edge</name>
		<pose>Unspecified</pose>
		<truncated>0</truncated>
		<difficult>0</difficult>
		<bndbox>
			<xmin>34</xmin>
			<ymin>405</ymin>
			<xmax>148</xmax>
			<ymax>650</ymax>
		</bndbox>
	</object>
</annotation>
