<annotation>
	<folder>jpg</folder>
	<filename>298.jpg</filename>
	<path>C:\Users\sanhang\Desktop\jpg\298.jpg</path>
	<source>
		<database>Unknown</database>
	</source>
	<size>
		<width>1053</width>
		<height>822</height>
		<depth>3</depth>
	</size>
	<segmented>0</segmented>
	<object>
		<name>trailing edge</name>
		<pose>Unspecified</pose>
		<truncated>0</truncated>
		<difficult>0</difficult>
		<bndbox>
			<xmin>792</xmin>
			<ymin>84</ymin>
			<xmax>867</xmax>
			<ymax>252</ymax>
		</bndbox>
	</object>
	<object>
		<name>trailing edge</name>
		<pose>Unspecified</pose>
		<truncated>0</truncated>
		<difficult>0</difficult>
		<bndbox>
			<xmin>633</xmin>
			<ymin>259</ymin>
			<xmax>708</xmax>
			<ymax>422</ymax>
		</bndbox>
	</object>
	<object>
		<name>trailing edge</name>
		<pose>Unspecified</pose>
		<truncated>0</truncated>
		<difficult>0</difficult>
		<bndbox>
			<xmin>494</xmin>
			<ymin>373</ymin>
			<xmax>569</xmax>
			<ymax>538</ymax>
		</bndbox>
	</object>
	<object>
		<name>trailing edge</name>
		<pose>Unspecified</pose>
		<truncated>0</truncated>
		<difficult>0</difficult>
		<bndbox>
			<xmin>379</xmin>
			<ymin>453</ymin>
			<xmax>452</xmax>
			<ymax>611</ymax>
		</bndbox>
	</object>
	<object>
		<name>trailing edge</name>
		<pose>Unspecified</pose>
		<truncated>0</truncated>
		<difficult>0</difficult>
		<bndbox>
			<xmin>276</xmin>
			<ymin>510</ymin>
			<xmax>351</xmax>
			<ymax>663</ymax>
		</bndbox>
	</object>
	<object>
		<name>trailing edge</name>
		<pose>Unspecified</pose>
		<truncated>0</truncated>
		<difficult>0</difficult>
		<bndbox>
			<xmin>188</xmin>
			<ymin>555</ymin>
			<xmax>264</xmax>
			<ymax>711</ymax>
		</bndbox>
	</object>
	<object>
		<name>trailing edge</name>
		<pose>Unspecified</pose>
		<truncated>0</truncated>
		<difficult>0</difficult>
		<bndbox>
			<xmin>97</xmin>
			<ymin>599</ymin>
			<xmax>178</xmax>
			<ymax>753</ymax>
		</bndbox>
	</object>
</annotation>
