<annotation>
	<folder>jpg</folder>
	<filename>299.jpg</filename>
	<path>C:\Users\sanhang\Desktop\jpg\299.jpg</path>
	<source>
		<database>Unknown</database>
	</source>
	<size>
		<width>681</width>
		<height>594</height>
		<depth>3</depth>
	</size>
	<segmented>0</segmented>
	<object>
		<name>trailing edge</name>
		<pose>Unspecified</pose>
		<truncated>0</truncated>
		<difficult>0</difficult>
		<bndbox>
			<xmin>123</xmin>
			<ymin>200</ymin>
			<xmax>247</xmax>
			<ymax>367</ymax>
		</bndbox>
	</object>
</annotation>
