<annotation>
	<folder>JPEGImages</folder>
	<filename>3.jpg</filename>
	<path>C:\Users\sanhang\Desktop\JPEGImages\3.jpg</path>
	<source>
		<database>Unknown</database>
	</source>
	<size>
		<width>489</width>
		<height>358</height>
		<depth>3</depth>
	</size>
	<segmented>0</segmented>
	<object>
		<name>leading edge</name>
		<pose>Unspecified</pose>
		<truncated>0</truncated>
		<difficult>0</difficult>
		<bndbox>
			<xmin>190</xmin>
			<ymin>136</ymin>
			<xmax>228</xmax>
			<ymax>207</ymax>
		</bndbox>
	</object>
</annotation>
