<annotation>
	<folder>JPEGImages</folder>
	<filename>30.jpg</filename>
	<path>C:\Users\sanhang\Desktop\JPEGImages\30.jpg</path>
	<source>
		<database>Unknown</database>
	</source>
	<size>
		<width>494</width>
		<height>453</height>
		<depth>3</depth>
	</size>
	<segmented>0</segmented>
	<object>
		<name>leading edge</name>
		<pose>Unspecified</pose>
		<truncated>0</truncated>
		<difficult>0</difficult>
		<bndbox>
			<xmin>237</xmin>
			<ymin>70</ymin>
			<xmax>259</xmax>
			<ymax>90</ymax>
		</bndbox>
	</object>
	<object>
		<name>leading edge</name>
		<pose>Unspecified</pose>
		<truncated>0</truncated>
		<difficult>0</difficult>
		<bndbox>
			<xmin>239</xmin>
			<ymin>162</ymin>
			<xmax>260</xmax>
			<ymax>176</ymax>
		</bndbox>
	</object>
	<object>
		<name>leading edge</name>
		<pose>Unspecified</pose>
		<truncated>0</truncated>
		<difficult>0</difficult>
		<bndbox>
			<xmin>241</xmin>
			<ymin>317</ymin>
			<xmax>265</xmax>
			<ymax>334</ymax>
		</bndbox>
	</object>
</annotation>
