<annotation>
	<folder>jpg</folder>
	<filename>300.jpg</filename>
	<path>C:\Users\sanhang\Desktop\jpg\300.jpg</path>
	<source>
		<database>Unknown</database>
	</source>
	<size>
		<width>699</width>
		<height>536</height>
		<depth>3</depth>
	</size>
	<segmented>0</segmented>
	<object>
		<name>trailing edge</name>
		<pose>Unspecified</pose>
		<truncated>0</truncated>
		<difficult>0</difficult>
		<bndbox>
			<xmin>463</xmin>
			<ymin>88</ymin>
			<xmax>518</xmax>
			<ymax>172</ymax>
		</bndbox>
	</object>
	<object>
		<name>trailing edge</name>
		<pose>Unspecified</pose>
		<truncated>0</truncated>
		<difficult>0</difficult>
		<bndbox>
			<xmin>245</xmin>
			<ymin>159</ymin>
			<xmax>312</xmax>
			<ymax>249</ymax>
		</bndbox>
	</object>
	<object>
		<name>trailing edge</name>
		<pose>Unspecified</pose>
		<truncated>0</truncated>
		<difficult>0</difficult>
		<bndbox>
			<xmin>33</xmin>
			<ymin>305</ymin>
			<xmax>96</xmax>
			<ymax>401</ymax>
		</bndbox>
	</object>
</annotation>
