<annotation>
	<folder>jpg</folder>
	<filename>301.jpg</filename>
	<path>C:\Users\sanhang\Desktop\jpg\301.jpg</path>
	<source>
		<database>Unknown</database>
	</source>
	<size>
		<width>824</width>
		<height>543</height>
		<depth>3</depth>
	</size>
	<segmented>0</segmented>
	<object>
		<name>trailing edge</name>
		<pose>Unspecified</pose>
		<truncated>0</truncated>
		<difficult>0</difficult>
		<bndbox>
			<xmin>46</xmin>
			<ymin>269</ymin>
			<xmax>141</xmax>
			<ymax>398</ymax>
		</bndbox>
	</object>
	<object>
		<name>trailing edge</name>
		<pose>Unspecified</pose>
		<truncated>0</truncated>
		<difficult>0</difficult>
		<bndbox>
			<xmin>331</xmin>
			<ymin>120</ymin>
			<xmax>432</xmax>
			<ymax>254</ymax>
		</bndbox>
	</object>
	<object>
		<name>trailing edge</name>
		<pose>Unspecified</pose>
		<truncated>0</truncated>
		<difficult>0</difficult>
		<bndbox>
			<xmin>640</xmin>
			<ymin>85</ymin>
			<xmax>729</xmax>
			<ymax>203</ymax>
		</bndbox>
	</object>
</annotation>
