<annotation>
	<folder>jpg</folder>
	<filename>302.jpg</filename>
	<path>C:\Users\sanhang\Desktop\jpg\302.jpg</path>
	<source>
		<database>Unknown</database>
	</source>
	<size>
		<width>687</width>
		<height>547</height>
		<depth>3</depth>
	</size>
	<segmented>0</segmented>
	<object>
		<name>trailing edge</name>
		<pose>Unspecified</pose>
		<truncated>0</truncated>
		<difficult>0</difficult>
		<bndbox>
			<xmin>62</xmin>
			<ymin>249</ymin>
			<xmax>176</xmax>
			<ymax>420</ymax>
		</bndbox>
	</object>
	<object>
		<name>trailing edge</name>
		<pose>Unspecified</pose>
		<truncated>0</truncated>
		<difficult>0</difficult>
		<bndbox>
			<xmin>343</xmin>
			<ymin>19</ymin>
			<xmax>464</xmax>
			<ymax>185</ymax>
		</bndbox>
	</object>
</annotation>
