<annotation>
	<folder>jpg</folder>
	<filename>303.jpg</filename>
	<path>C:\Users\sanhang\Desktop\jpg\303.jpg</path>
	<source>
		<database>Unknown</database>
	</source>
	<size>
		<width>686</width>
		<height>562</height>
		<depth>3</depth>
	</size>
	<segmented>0</segmented>
	<object>
		<name>trailing edge</name>
		<pose>Unspecified</pose>
		<truncated>0</truncated>
		<difficult>0</difficult>
		<bndbox>
			<xmin>287</xmin>
			<ymin>99</ymin>
			<xmax>356</xmax>
			<ymax>194</ymax>
		</bndbox>
	</object>
	<object>
		<name>trailing edge</name>
		<pose>Unspecified</pose>
		<truncated>0</truncated>
		<difficult>0</difficult>
		<bndbox>
			<xmin>202</xmin>
			<ymin>228</ymin>
			<xmax>266</xmax>
			<ymax>333</ymax>
		</bndbox>
	</object>
	<object>
		<name>trailing edge</name>
		<pose>Unspecified</pose>
		<truncated>0</truncated>
		<difficult>0</difficult>
		<bndbox>
			<xmin>134</xmin>
			<ymin>394</ymin>
			<xmax>198</xmax>
			<ymax>497</ymax>
		</bndbox>
	</object>
</annotation>
