<annotation>
	<folder>jpg</folder>
	<filename>304.jpg</filename>
	<path>C:\Users\sanhang\Desktop\jpg\304.jpg</path>
	<source>
		<database>Unknown</database>
	</source>
	<size>
		<width>575</width>
		<height>505</height>
		<depth>3</depth>
	</size>
	<segmented>0</segmented>
	<object>
		<name>trailing edge</name>
		<pose>Unspecified</pose>
		<truncated>0</truncated>
		<difficult>0</difficult>
		<bndbox>
			<xmin>270</xmin>
			<ymin>83</ymin>
			<xmax>320</xmax>
			<ymax>172</ymax>
		</bndbox>
	</object>
	<object>
		<name>trailing edge</name>
		<pose>Unspecified</pose>
		<truncated>0</truncated>
		<difficult>0</difficult>
		<bndbox>
			<xmin>185</xmin>
			<ymin>222</ymin>
			<xmax>231</xmax>
			<ymax>312</ymax>
		</bndbox>
	</object>
	<object>
		<name>trailing edge</name>
		<pose>Unspecified</pose>
		<truncated>0</truncated>
		<difficult>0</difficult>
		<bndbox>
			<xmin>108</xmin>
			<ymin>373</ymin>
			<xmax>151</xmax>
			<ymax>464</ymax>
		</bndbox>
	</object>
</annotation>
