<annotation>
	<folder>jpg</folder>
	<filename>305.jpg</filename>
	<path>C:\Users\sanhang\Desktop\jpg\305.jpg</path>
	<source>
		<database>Unknown</database>
	</source>
	<size>
		<width>615</width>
		<height>644</height>
		<depth>3</depth>
	</size>
	<segmented>0</segmented>
	<object>
		<name>trailing edge</name>
		<pose>Unspecified</pose>
		<truncated>0</truncated>
		<difficult>0</difficult>
		<bndbox>
			<xmin>198</xmin>
			<ymin>117</ymin>
			<xmax>262</xmax>
			<ymax>258</ymax>
		</bndbox>
	</object>
	<object>
		<name>trailing edge</name>
		<pose>Unspecified</pose>
		<truncated>0</truncated>
		<difficult>0</difficult>
		<bndbox>
			<xmin>177</xmin>
			<ymin>434</ymin>
			<xmax>238</xmax>
			<ymax>577</ymax>
		</bndbox>
	</object>
</annotation>
