<annotation>
	<folder>jpg</folder>
	<filename>306.jpg</filename>
	<path>C:\Users\sanhang\Desktop\jpg\306.jpg</path>
	<source>
		<database>Unknown</database>
	</source>
	<size>
		<width>800</width>
		<height>734</height>
		<depth>3</depth>
	</size>
	<segmented>0</segmented>
	<object>
		<name>trailing edge</name>
		<pose>Unspecified</pose>
		<truncated>0</truncated>
		<difficult>0</difficult>
		<bndbox>
			<xmin>311</xmin>
			<ymin>152</ymin>
			<xmax>360</xmax>
			<ymax>269</ymax>
		</bndbox>
	</object>
	<object>
		<name>trailing edge</name>
		<pose>Unspecified</pose>
		<truncated>0</truncated>
		<difficult>0</difficult>
		<bndbox>
			<xmin>267</xmin>
			<ymin>373</ymin>
			<xmax>310</xmax>
			<ymax>494</ymax>
		</bndbox>
	</object>
	<object>
		<name>trailing edge</name>
		<pose>Unspecified</pose>
		<truncated>0</truncated>
		<difficult>0</difficult>
		<bndbox>
			<xmin>242</xmin>
			<ymin>588</ymin>
			<xmax>282</xmax>
			<ymax>705</ymax>
		</bndbox>
	</object>
</annotation>
