<annotation>
	<folder>jpg</folder>
	<filename>307.jpg</filename>
	<path>C:\Users\sanhang\Desktop\jpg\307.jpg</path>
	<source>
		<database>Unknown</database>
	</source>
	<size>
		<width>813</width>
		<height>667</height>
		<depth>3</depth>
	</size>
	<segmented>0</segmented>
	<object>
		<name>trailing edge</name>
		<pose>Unspecified</pose>
		<truncated>0</truncated>
		<difficult>0</difficult>
		<bndbox>
			<xmin>385</xmin>
			<ymin>97</ymin>
			<xmax>440</xmax>
			<ymax>188</ymax>
		</bndbox>
	</object>
	<object>
		<name>trailing edge</name>
		<pose>Unspecified</pose>
		<truncated>0</truncated>
		<difficult>0</difficult>
		<bndbox>
			<xmin>311</xmin>
			<ymin>303</ymin>
			<xmax>357</xmax>
			<ymax>394</ymax>
		</bndbox>
	</object>
	<object>
		<name>trailing edge</name>
		<pose>Unspecified</pose>
		<truncated>0</truncated>
		<difficult>0</difficult>
		<bndbox>
			<xmin>241</xmin>
			<ymin>505</ymin>
			<xmax>282</xmax>
			<ymax>594</ymax>
		</bndbox>
	</object>
</annotation>
