<annotation>
	<folder>jpg</folder>
	<filename>309.jpg</filename>
	<path>C:\Users\sanhang\Desktop\jpg\309.jpg</path>
	<source>
		<database>Unknown</database>
	</source>
	<size>
		<width>469</width>
		<height>355</height>
		<depth>3</depth>
	</size>
	<segmented>0</segmented>
	<object>
		<name>trailing edge</name>
		<pose>Unspecified</pose>
		<truncated>0</truncated>
		<difficult>0</difficult>
		<bndbox>
			<xmin>158</xmin>
			<ymin>48</ymin>
			<xmax>175</xmax>
			<ymax>68</ymax>
		</bndbox>
	</object>
	<object>
		<name>trailing edge</name>
		<pose>Unspecified</pose>
		<truncated>0</truncated>
		<difficult>0</difficult>
		<bndbox>
			<xmin>127</xmin>
			<ymin>131</ymin>
			<xmax>143</xmax>
			<ymax>148</ymax>
		</bndbox>
	</object>
	<object>
		<name>trailing edge</name>
		<pose>Unspecified</pose>
		<truncated>0</truncated>
		<difficult>0</difficult>
		<bndbox>
			<xmin>95</xmin>
			<ymin>208</ymin>
			<xmax>110</xmax>
			<ymax>229</ymax>
		</bndbox>
	</object>
	<object>
		<name>trailing edge</name>
		<pose>Unspecified</pose>
		<truncated>0</truncated>
		<difficult>0</difficult>
		<bndbox>
			<xmin>71</xmin>
			<ymin>272</ymin>
			<xmax>84</xmax>
			<ymax>291</ymax>
		</bndbox>
	</object>
	<object>
		<name>trailing edge</name>
		<pose>Unspecified</pose>
		<truncated>0</truncated>
		<difficult>0</difficult>
		<bndbox>
			<xmin>53</xmin>
			<ymin>321</ymin>
			<xmax>68</xmax>
			<ymax>339</ymax>
		</bndbox>
	</object>
</annotation>
