<annotation>
	<folder>jpg</folder>
	<filename>310.jpg</filename>
	<path>C:\Users\sanhang\Desktop\jpg\310.jpg</path>
	<source>
		<database>Unknown</database>
	</source>
	<size>
		<width>375</width>
		<height>363</height>
		<depth>3</depth>
	</size>
	<segmented>0</segmented>
	<object>
		<name>trailing edge</name>
		<pose>Unspecified</pose>
		<truncated>0</truncated>
		<difficult>0</difficult>
		<bndbox>
			<xmin>132</xmin>
			<ymin>151</ymin>
			<xmax>147</xmax>
			<ymax>179</ymax>
		</bndbox>
	</object>
	<object>
		<name>trailing edge</name>
		<pose>Unspecified</pose>
		<truncated>0</truncated>
		<difficult>0</difficult>
		<bndbox>
			<xmin>113</xmin>
			<ymin>204</ymin>
			<xmax>127</xmax>
			<ymax>234</ymax>
		</bndbox>
	</object>
</annotation>
