<annotation>
	<folder>jpg</folder>
	<filename>311.jpg</filename>
	<path>C:\Users\sanhang\Desktop\jpg\311.jpg</path>
	<source>
		<database>Unknown</database>
	</source>
	<size>
		<width>673</width>
		<height>575</height>
		<depth>3</depth>
	</size>
	<segmented>0</segmented>
	<object>
		<name>trailing edge</name>
		<pose>Unspecified</pose>
		<truncated>0</truncated>
		<difficult>0</difficult>
		<bndbox>
			<xmin>123</xmin>
			<ymin>122</ymin>
			<xmax>171</xmax>
			<ymax>249</ymax>
		</bndbox>
	</object>
	<object>
		<name>trailing edge</name>
		<pose>Unspecified</pose>
		<truncated>0</truncated>
		<difficult>0</difficult>
		<bndbox>
			<xmin>337</xmin>
			<ymin>341</ymin>
			<xmax>390</xmax>
			<ymax>466</ymax>
		</bndbox>
	</object>
</annotation>
