<annotation>
	<folder>jpg</folder>
	<filename>312.jpg</filename>
	<path>C:\Users\sanhang\Desktop\jpg\312.jpg</path>
	<source>
		<database>Unknown</database>
	</source>
	<size>
		<width>645</width>
		<height>657</height>
		<depth>3</depth>
	</size>
	<segmented>0</segmented>
	<object>
		<name>trailing edge</name>
		<pose>Unspecified</pose>
		<truncated>0</truncated>
		<difficult>0</difficult>
		<bndbox>
			<xmin>65</xmin>
			<ymin>209</ymin>
			<xmax>95</xmax>
			<ymax>281</ymax>
		</bndbox>
	</object>
	<object>
		<name>trailing edge</name>
		<pose>Unspecified</pose>
		<truncated>0</truncated>
		<difficult>0</difficult>
		<bndbox>
			<xmin>300</xmin>
			<ymin>344</ymin>
			<xmax>331</xmax>
			<ymax>416</ymax>
		</bndbox>
	</object>
	<object>
		<name>trailing edge</name>
		<pose>Unspecified</pose>
		<truncated>0</truncated>
		<difficult>0</difficult>
		<bndbox>
			<xmin>552</xmin>
			<ymin>499</ymin>
			<xmax>583</xmax>
			<ymax>574</ymax>
		</bndbox>
	</object>
</annotation>
