<annotation>
	<folder>jpg</folder>
	<filename>314.jpg</filename>
	<path>C:\Users\sanhang\Desktop\jpg\314.jpg</path>
	<source>
		<database>Unknown</database>
	</source>
	<size>
		<width>677</width>
		<height>602</height>
		<depth>3</depth>
	</size>
	<segmented>0</segmented>
	<object>
		<name>trailing edge</name>
		<pose>Unspecified</pose>
		<truncated>0</truncated>
		<difficult>0</difficult>
		<bndbox>
			<xmin>15</xmin>
			<ymin>347</ymin>
			<xmax>43</xmax>
			<ymax>433</ymax>
		</bndbox>
	</object>
	<object>
		<name>trailing edge</name>
		<pose>Unspecified</pose>
		<truncated>0</truncated>
		<difficult>0</difficult>
		<bndbox>
			<xmin>124</xmin>
			<ymin>313</ymin>
			<xmax>156</xmax>
			<ymax>403</ymax>
		</bndbox>
	</object>
	<object>
		<name>trailing edge</name>
		<pose>Unspecified</pose>
		<truncated>0</truncated>
		<difficult>0</difficult>
		<bndbox>
			<xmin>244</xmin>
			<ymin>293</ymin>
			<xmax>274</xmax>
			<ymax>380</ymax>
		</bndbox>
	</object>
	<object>
		<name>trailing edge</name>
		<pose>Unspecified</pose>
		<truncated>0</truncated>
		<difficult>0</difficult>
		<bndbox>
			<xmin>378</xmin>
			<ymin>279</ymin>
			<xmax>410</xmax>
			<ymax>367</ymax>
		</bndbox>
	</object>
	<object>
		<name>trailing edge</name>
		<pose>Unspecified</pose>
		<truncated>0</truncated>
		<difficult>0</difficult>
		<bndbox>
			<xmin>530</xmin>
			<ymin>278</ymin>
			<xmax>569</xmax>
			<ymax>365</ymax>
		</bndbox>
	</object>
</annotation>
