<annotation>
	<folder>jpg</folder>
	<filename>315.jpg</filename>
	<path>C:\Users\sanhang\Desktop\jpg\315.jpg</path>
	<source>
		<database>Unknown</database>
	</source>
	<size>
		<width>1179</width>
		<height>902</height>
		<depth>3</depth>
	</size>
	<segmented>0</segmented>
	<object>
		<name>trailing edge</name>
		<pose>Unspecified</pose>
		<truncated>0</truncated>
		<difficult>0</difficult>
		<bndbox>
			<xmin>617</xmin>
			<ymin>163</ymin>
			<xmax>667</xmax>
			<ymax>304</ymax>
		</bndbox>
	</object>
	<object>
		<name>trailing edge</name>
		<pose>Unspecified</pose>
		<truncated>0</truncated>
		<difficult>0</difficult>
		<bndbox>
			<xmin>485</xmin>
			<ymin>359</ymin>
			<xmax>544</xmax>
			<ymax>502</ymax>
		</bndbox>
	</object>
	<object>
		<name>trailing edge</name>
		<pose>Unspecified</pose>
		<truncated>0</truncated>
		<difficult>0</difficult>
		<bndbox>
			<xmin>369</xmin>
			<ymin>551</ymin>
			<xmax>434</xmax>
			<ymax>691</ymax>
		</bndbox>
	</object>
	<object>
		<name>trailing edge</name>
		<pose>Unspecified</pose>
		<truncated>0</truncated>
		<difficult>0</difficult>
		<bndbox>
			<xmin>266</xmin>
			<ymin>739</ymin>
			<xmax>332</xmax>
			<ymax>884</ymax>
		</bndbox>
	</object>
</annotation>
