<annotation>
	<folder>jpg</folder>
	<filename>316.jpg</filename>
	<path>C:\Users\sanhang\Desktop\jpg\316.jpg</path>
	<source>
		<database>Unknown</database>
	</source>
	<size>
		<width>248</width>
		<height>250</height>
		<depth>3</depth>
	</size>
	<segmented>0</segmented>
	<object>
		<name>trailing edge</name>
		<pose>Unspecified</pose>
		<truncated>0</truncated>
		<difficult>0</difficult>
		<bndbox>
			<xmin>131</xmin>
			<ymin>109</ymin>
			<xmax>156</xmax>
			<ymax>166</ymax>
		</bndbox>
	</object>
	<object>
		<name>trailing edge</name>
		<pose>Unspecified</pose>
		<truncated>0</truncated>
		<difficult>0</difficult>
		<bndbox>
			<xmin>71</xmin>
			<ymin>155</ymin>
			<xmax>98</xmax>
			<ymax>210</ymax>
		</bndbox>
	</object>
	<object>
		<name>trailing edge</name>
		<pose>Unspecified</pose>
		<truncated>0</truncated>
		<difficult>0</difficult>
		<bndbox>
			<xmin>17</xmin>
			<ymin>191</ymin>
			<xmax>44</xmax>
			<ymax>243</ymax>
		</bndbox>
	</object>
</annotation>
