<annotation>
	<folder>jpg</folder>
	<filename>317.jpg</filename>
	<path>C:\Users\sanhang\Desktop\jpg\317.jpg</path>
	<source>
		<database>Unknown</database>
	</source>
	<size>
		<width>325</width>
		<height>347</height>
		<depth>3</depth>
	</size>
	<segmented>0</segmented>
	<object>
		<name>trailing edge</name>
		<pose>Unspecified</pose>
		<truncated>0</truncated>
		<difficult>0</difficult>
		<bndbox>
			<xmin>67</xmin>
			<ymin>149</ymin>
			<xmax>165</xmax>
			<ymax>318</ymax>
		</bndbox>
	</object>
</annotation>
