<annotation>
	<folder>jpg</folder>
	<filename>318.jpg</filename>
	<path>C:\Users\sanhang\Desktop\jpg\318.jpg</path>
	<source>
		<database>Unknown</database>
	</source>
	<size>
		<width>753</width>
		<height>686</height>
		<depth>3</depth>
	</size>
	<segmented>0</segmented>
	<object>
		<name>trailing edge</name>
		<pose>Unspecified</pose>
		<truncated>0</truncated>
		<difficult>0</difficult>
		<bndbox>
			<xmin>301</xmin>
			<ymin>250</ymin>
			<xmax>428</xmax>
			<ymax>443</ymax>
		</bndbox>
	</object>
	<object>
		<name>trailing edge</name>
		<pose>Unspecified</pose>
		<truncated>0</truncated>
		<difficult>0</difficult>
		<bndbox>
			<xmin>182</xmin>
			<ymin>386</ymin>
			<xmax>312</xmax>
			<ymax>568</ymax>
		</bndbox>
	</object>
	<object>
		<name>trailing edge</name>
		<pose>Unspecified</pose>
		<truncated>0</truncated>
		<difficult>0</difficult>
		<bndbox>
			<xmin>60</xmin>
			<ymin>502</ymin>
			<xmax>192</xmax>
			<ymax>682</ymax>
		</bndbox>
	</object>
</annotation>
