<annotation>
	<folder>JPEGImages</folder>
	<filename>32.jpg</filename>
	<path>C:\Users\sanhang\Desktop\JPEGImages\32.jpg</path>
	<source>
		<database>Unknown</database>
	</source>
	<size>
		<width>773</width>
		<height>659</height>
		<depth>3</depth>
	</size>
	<segmented>0</segmented>
	<object>
		<name>leading edge</name>
		<pose>Unspecified</pose>
		<truncated>0</truncated>
		<difficult>0</difficult>
		<bndbox>
			<xmin>228</xmin>
			<ymin>107</ymin>
			<xmax>313</xmax>
			<ymax>168</ymax>
		</bndbox>
	</object>
	<object>
		<name>leading edge</name>
		<pose>Unspecified</pose>
		<truncated>0</truncated>
		<difficult>0</difficult>
		<bndbox>
			<xmin>445</xmin>
			<ymin>136</ymin>
			<xmax>534</xmax>
			<ymax>203</ymax>
		</bndbox>
	</object>
	<object>
		<name>leading edge</name>
		<pose>Unspecified</pose>
		<truncated>0</truncated>
		<difficult>0</difficult>
		<bndbox>
			<xmin>562</xmin>
			<ymin>130</ymin>
			<xmax>654</xmax>
			<ymax>192</ymax>
		</bndbox>
	</object>
</annotation>
