<annotation>
	<folder>jpg</folder>
	<filename>320.jpg</filename>
	<path>C:\Users\sanhang\Desktop\jpg\320.jpg</path>
	<source>
		<database>Unknown</database>
	</source>
	<size>
		<width>634</width>
		<height>567</height>
		<depth>3</depth>
	</size>
	<segmented>0</segmented>
	<object>
		<name>trailing edge</name>
		<pose>Unspecified</pose>
		<truncated>0</truncated>
		<difficult>0</difficult>
		<bndbox>
			<xmin>369</xmin>
			<ymin>241</ymin>
			<xmax>397</xmax>
			<ymax>333</ymax>
		</bndbox>
	</object>
	<object>
		<name>trailing edge</name>
		<pose>Unspecified</pose>
		<truncated>0</truncated>
		<difficult>0</difficult>
		<bndbox>
			<xmin>292</xmin>
			<ymin>277</ymin>
			<xmax>318</xmax>
			<ymax>370</ymax>
		</bndbox>
	</object>
	<object>
		<name>trailing edge</name>
		<pose>Unspecified</pose>
		<truncated>0</truncated>
		<difficult>0</difficult>
		<bndbox>
			<xmin>221</xmin>
			<ymin>305</ymin>
			<xmax>253</xmax>
			<ymax>397</ymax>
		</bndbox>
	</object>
	<object>
		<name>trailing edge</name>
		<pose>Unspecified</pose>
		<truncated>0</truncated>
		<difficult>0</difficult>
		<bndbox>
			<xmin>163</xmin>
			<ymin>322</ymin>
			<xmax>194</xmax>
			<ymax>415</ymax>
		</bndbox>
	</object>
	<object>
		<name>trailing edge</name>
		<pose>Unspecified</pose>
		<truncated>0</truncated>
		<difficult>0</difficult>
		<bndbox>
			<xmin>103</xmin>
			<ymin>343</ymin>
			<xmax>134</xmax>
			<ymax>434</ymax>
		</bndbox>
	</object>
</annotation>
