<annotation>
	<folder>jpg</folder>
	<filename>321.jpg</filename>
	<path>C:\Users\sanhang\Desktop\jpg\321.jpg</path>
	<source>
		<database>Unknown</database>
	</source>
	<size>
		<width>955</width>
		<height>825</height>
		<depth>3</depth>
	</size>
	<segmented>0</segmented>
	<object>
		<name>trailing edge</name>
		<pose>Unspecified</pose>
		<truncated>0</truncated>
		<difficult>0</difficult>
		<bndbox>
			<xmin>688</xmin>
			<ymin>387</ymin>
			<xmax>730</xmax>
			<ymax>410</ymax>
		</bndbox>
	</object>
	<object>
		<name>trailing edge</name>
		<pose>Unspecified</pose>
		<truncated>0</truncated>
		<difficult>0</difficult>
		<bndbox>
			<xmin>570</xmin>
			<ymin>357</ymin>
			<xmax>612</xmax>
			<ymax>382</ymax>
		</bndbox>
	</object>
	<object>
		<name>trailing edge</name>
		<pose>Unspecified</pose>
		<truncated>0</truncated>
		<difficult>0</difficult>
		<bndbox>
			<xmin>382</xmin>
			<ymin>319</ymin>
			<xmax>428</xmax>
			<ymax>347</ymax>
		</bndbox>
	</object>
	<object>
		<name>trailing edge</name>
		<pose>Unspecified</pose>
		<truncated>0</truncated>
		<difficult>0</difficult>
		<bndbox>
			<xmin>168</xmin>
			<ymin>312</ymin>
			<xmax>214</xmax>
			<ymax>342</ymax>
		</bndbox>
	</object>
</annotation>
