<annotation>
	<folder>jpg</folder>
	<filename>323.jpg</filename>
	<path>C:\Users\sanhang\Desktop\jpg\323.jpg</path>
	<source>
		<database>Unknown</database>
	</source>
	<size>
		<width>1072</width>
		<height>758</height>
		<depth>3</depth>
	</size>
	<segmented>0</segmented>
	<object>
		<name>trailing edge</name>
		<pose>Unspecified</pose>
		<truncated>0</truncated>
		<difficult>0</difficult>
		<bndbox>
			<xmin>110</xmin>
			<ymin>151</ymin>
			<xmax>221</xmax>
			<ymax>189</ymax>
		</bndbox>
	</object>
	<object>
		<name>trailing edge</name>
		<pose>Unspecified</pose>
		<truncated>0</truncated>
		<difficult>0</difficult>
		<bndbox>
			<xmin>360</xmin>
			<ymin>181</ymin>
			<xmax>466</xmax>
			<ymax>215</ymax>
		</bndbox>
	</object>
	<object>
		<name>trailing edge</name>
		<pose>Unspecified</pose>
		<truncated>0</truncated>
		<difficult>0</difficult>
		<bndbox>
			<xmin>589</xmin>
			<ymin>229</ymin>
			<xmax>688</xmax>
			<ymax>262</ymax>
		</bndbox>
	</object>
</annotation>
