<annotation>
	<folder>jpg</folder>
	<filename>324.jpg</filename>
	<path>C:\Users\sanhang\Desktop\jpg\324.jpg</path>
	<source>
		<database>Unknown</database>
	</source>
	<size>
		<width>862</width>
		<height>802</height>
		<depth>3</depth>
	</size>
	<segmented>0</segmented>
	<object>
		<name>trailing edge</name>
		<pose>Unspecified</pose>
		<truncated>0</truncated>
		<difficult>0</difficult>
		<bndbox>
			<xmin>34</xmin>
			<ymin>327</ymin>
			<xmax>98</xmax>
			<ymax>345</ymax>
		</bndbox>
	</object>
	<object>
		<name>trailing edge</name>
		<pose>Unspecified</pose>
		<truncated>0</truncated>
		<difficult>0</difficult>
		<bndbox>
			<xmin>212</xmin>
			<ymin>317</ymin>
			<xmax>272</xmax>
			<ymax>335</ymax>
		</bndbox>
	</object>
	<object>
		<name>trailing edge</name>
		<pose>Unspecified</pose>
		<truncated>0</truncated>
		<difficult>0</difficult>
		<bndbox>
			<xmin>384</xmin>
			<ymin>315</ymin>
			<xmax>447</xmax>
			<ymax>335</ymax>
		</bndbox>
	</object>
	<object>
		<name>trailing edge</name>
		<pose>Unspecified</pose>
		<truncated>0</truncated>
		<difficult>0</difficult>
		<bndbox>
			<xmin>540</xmin>
			<ymin>321</ymin>
			<xmax>598</xmax>
			<ymax>341</ymax>
		</bndbox>
	</object>
</annotation>
