<annotation>
	<folder>jpg</folder>
	<filename>326.jpg</filename>
	<path>C:\Users\sanhang\Desktop\jpg\326.jpg</path>
	<source>
		<database>Unknown</database>
	</source>
	<size>
		<width>897</width>
		<height>758</height>
		<depth>3</depth>
	</size>
	<segmented>0</segmented>
	<object>
		<name>trailing edge</name>
		<pose>Unspecified</pose>
		<truncated>0</truncated>
		<difficult>0</difficult>
		<bndbox>
			<xmin>89</xmin>
			<ymin>348</ymin>
			<xmax>236</xmax>
			<ymax>396</ymax>
		</bndbox>
	</object>
	<object>
		<name>trailing edge</name>
		<pose>Unspecified</pose>
		<truncated>0</truncated>
		<difficult>0</difficult>
		<bndbox>
			<xmin>409</xmin>
			<ymin>333</ymin>
			<xmax>557</xmax>
			<ymax>383</ymax>
		</bndbox>
	</object>
</annotation>
