<annotation>
	<folder>jpg</folder>
	<filename>327.jpg</filename>
	<path>C:\Users\sanhang\Desktop\jpg\327.jpg</path>
	<source>
		<database>Unknown</database>
	</source>
	<size>
		<width>654</width>
		<height>826</height>
		<depth>3</depth>
	</size>
	<segmented>0</segmented>
	<object>
		<name>trailing edge</name>
		<pose>Unspecified</pose>
		<truncated>0</truncated>
		<difficult>0</difficult>
		<bndbox>
			<xmin>387</xmin>
			<ymin>391</ymin>
			<xmax>487</xmax>
			<ymax>418</ymax>
		</bndbox>
	</object>
	<object>
		<name>trailing edge</name>
		<pose>Unspecified</pose>
		<truncated>0</truncated>
		<difficult>0</difficult>
		<bndbox>
			<xmin>208</xmin>
			<ymin>309</ymin>
			<xmax>301</xmax>
			<ymax>337</ymax>
		</bndbox>
	</object>
	<object>
		<name>trailing edge</name>
		<pose>Unspecified</pose>
		<truncated>0</truncated>
		<difficult>0</difficult>
		<bndbox>
			<xmin>23</xmin>
			<ymin>235</ymin>
			<xmax>128</xmax>
			<ymax>262</ymax>
		</bndbox>
	</object>
</annotation>
