<annotation>
	<folder>jpg</folder>
	<filename>328.jpg</filename>
	<path>C:\Users\sanhang\Desktop\jpg\328.jpg</path>
	<source>
		<database>Unknown</database>
	</source>
	<size>
		<width>771</width>
		<height>833</height>
		<depth>3</depth>
	</size>
	<segmented>0</segmented>
	<object>
		<name>trailing edge</name>
		<pose>Unspecified</pose>
		<truncated>0</truncated>
		<difficult>0</difficult>
		<bndbox>
			<xmin>531</xmin>
			<ymin>393</ymin>
			<xmax>661</xmax>
			<ymax>433</ymax>
		</bndbox>
	</object>
	<object>
		<name>trailing edge</name>
		<pose>Unspecified</pose>
		<truncated>0</truncated>
		<difficult>0</difficult>
		<bndbox>
			<xmin>272</xmin>
			<ymin>314</ymin>
			<xmax>400</xmax>
			<ymax>349</ymax>
		</bndbox>
	</object>
	<object>
		<name>trailing edge</name>
		<pose>Unspecified</pose>
		<truncated>0</truncated>
		<difficult>0</difficult>
		<bndbox>
			<xmin>48</xmin>
			<ymin>243</ymin>
			<xmax>173</xmax>
			<ymax>272</ymax>
		</bndbox>
	</object>
</annotation>
