<annotation>
	<folder>jpg</folder>
	<filename>329.jpg</filename>
	<path>C:\Users\sanhang\Desktop\jpg\329.jpg</path>
	<source>
		<database>Unknown</database>
	</source>
	<size>
		<width>730</width>
		<height>826</height>
		<depth>3</depth>
	</size>
	<segmented>0</segmented>
	<object>
		<name>trailing edge</name>
		<pose>Unspecified</pose>
		<truncated>0</truncated>
		<difficult>0</difficult>
		<bndbox>
			<xmin>492</xmin>
			<ymin>564</ymin>
			<xmax>586</xmax>
			<ymax>592</ymax>
		</bndbox>
	</object>
	<object>
		<name>trailing edge</name>
		<pose>Unspecified</pose>
		<truncated>0</truncated>
		<difficult>0</difficult>
		<bndbox>
			<xmin>281</xmin>
			<ymin>467</ymin>
			<xmax>375</xmax>
			<ymax>497</ymax>
		</bndbox>
	</object>
	<object>
		<name>trailing edge</name>
		<pose>Unspecified</pose>
		<truncated>0</truncated>
		<difficult>0</difficult>
		<bndbox>
			<xmin>69</xmin>
			<ymin>373</ymin>
			<xmax>171</xmax>
			<ymax>401</ymax>
		</bndbox>
	</object>
</annotation>
