<annotation>
	<folder>jpg</folder>
	<filename>330.jpg</filename>
	<path>C:\Users\sanhang\Desktop\jpg\330.jpg</path>
	<source>
		<database>Unknown</database>
	</source>
	<size>
		<width>1254</width>
		<height>917</height>
		<depth>3</depth>
	</size>
	<segmented>0</segmented>
	<object>
		<name>trailing edge</name>
		<pose>Unspecified</pose>
		<truncated>0</truncated>
		<difficult>0</difficult>
		<bndbox>
			<xmin>834</xmin>
			<ymin>559</ymin>
			<xmax>878</xmax>
			<ymax>585</ymax>
		</bndbox>
	</object>
	<object>
		<name>trailing edge</name>
		<pose>Unspecified</pose>
		<truncated>0</truncated>
		<difficult>0</difficult>
		<bndbox>
			<xmin>698</xmin>
			<ymin>552</ymin>
			<xmax>738</xmax>
			<ymax>573</ymax>
		</bndbox>
	</object>
	<object>
		<name>trailing edge</name>
		<pose>Unspecified</pose>
		<truncated>0</truncated>
		<difficult>0</difficult>
		<bndbox>
			<xmin>581</xmin>
			<ymin>547</ymin>
			<xmax>625</xmax>
			<ymax>569</ymax>
		</bndbox>
	</object>
	<object>
		<name>trailing edge</name>
		<pose>Unspecified</pose>
		<truncated>0</truncated>
		<difficult>0</difficult>
		<bndbox>
			<xmin>481</xmin>
			<ymin>545</ymin>
			<xmax>527</xmax>
			<ymax>566</ymax>
		</bndbox>
	</object>
	<object>
		<name>trailing edge</name>
		<pose>Unspecified</pose>
		<truncated>0</truncated>
		<difficult>0</difficult>
		<bndbox>
			<xmin>381</xmin>
			<ymin>540</ymin>
			<xmax>428</xmax>
			<ymax>561</ymax>
		</bndbox>
	</object>
</annotation>
