<annotation>
	<folder>JPEGImages</folder>
	<filename>35.jpg</filename>
	<path>C:\Users\sanhang\Desktop\JPEGImages\35.jpg</path>
	<source>
		<database>Unknown</database>
	</source>
	<size>
		<width>395</width>
		<height>472</height>
		<depth>3</depth>
	</size>
	<segmented>0</segmented>
	<object>
		<name>leading edge</name>
		<pose>Unspecified</pose>
		<truncated>0</truncated>
		<difficult>0</difficult>
		<bndbox>
			<xmin>61</xmin>
			<ymin>70</ymin>
			<xmax>86</xmax>
			<ymax>81</ymax>
		</bndbox>
	</object>
	<object>
		<name>leading edge</name>
		<pose>Unspecified</pose>
		<truncated>0</truncated>
		<difficult>0</difficult>
		<bndbox>
			<xmin>146</xmin>
			<ymin>138</ymin>
			<xmax>169</xmax>
			<ymax>154</ymax>
		</bndbox>
	</object>
	<object>
		<name>leading edge</name>
		<pose>Unspecified</pose>
		<truncated>0</truncated>
		<difficult>0</difficult>
		<bndbox>
			<xmin>298</xmin>
			<ymin>267</ymin>
			<xmax>318</xmax>
			<ymax>277</ymax>
		</bndbox>
	</object>
</annotation>
