<annotation>
	<folder>JPEGImages</folder>
	<filename>36.jpg</filename>
	<path>C:\Users\sanhang\Desktop\JPEGImages\36.jpg</path>
	<source>
		<database>Unknown</database>
	</source>
	<size>
		<width>783</width>
		<height>576</height>
		<depth>3</depth>
	</size>
	<segmented>0</segmented>
	<object>
		<name>leading edge</name>
		<pose>Unspecified</pose>
		<truncated>0</truncated>
		<difficult>0</difficult>
		<bndbox>
			<xmin>124</xmin>
			<ymin>332</ymin>
			<xmax>166</xmax>
			<ymax>356</ymax>
		</bndbox>
	</object>
	<object>
		<name>leading edge</name>
		<pose>Unspecified</pose>
		<truncated>0</truncated>
		<difficult>0</difficult>
		<bndbox>
			<xmin>227</xmin>
			<ymin>281</ymin>
			<xmax>267</xmax>
			<ymax>306</ymax>
		</bndbox>
	</object>
	<object>
		<name>leading edge</name>
		<pose>Unspecified</pose>
		<truncated>0</truncated>
		<difficult>0</difficult>
		<bndbox>
			<xmin>313</xmin>
			<ymin>241</ymin>
			<xmax>356</xmax>
			<ymax>270</ymax>
		</bndbox>
	</object>
	<object>
		<name>leading edge</name>
		<pose>Unspecified</pose>
		<truncated>0</truncated>
		<difficult>0</difficult>
		<bndbox>
			<xmin>394</xmin>
			<ymin>200</ymin>
			<xmax>438</xmax>
			<ymax>232</ymax>
		</bndbox>
	</object>
	<object>
		<name>leading edge</name>
		<pose>Unspecified</pose>
		<truncated>0</truncated>
		<difficult>0</difficult>
		<bndbox>
			<xmin>479</xmin>
			<ymin>162</ymin>
			<xmax>520</xmax>
			<ymax>191</ymax>
		</bndbox>
	</object>
	<object>
		<name>leading edge</name>
		<pose>Unspecified</pose>
		<truncated>0</truncated>
		<difficult>0</difficult>
		<bndbox>
			<xmin>554</xmin>
			<ymin>126</ymin>
			<xmax>591</xmax>
			<ymax>160</ymax>
		</bndbox>
	</object>
</annotation>
