<annotation>
	<folder>JPEGImages</folder>
	<filename>38.jpg</filename>
	<path>C:\Users\sanhang\Desktop\JPEGImages\38.jpg</path>
	<source>
		<database>Unknown</database>
	</source>
	<size>
		<width>1123</width>
		<height>766</height>
		<depth>3</depth>
	</size>
	<segmented>0</segmented>
	<object>
		<name>leading edge</name>
		<pose>Unspecified</pose>
		<truncated>0</truncated>
		<difficult>0</difficult>
		<bndbox>
			<xmin>86</xmin>
			<ymin>81</ymin>
			<xmax>155</xmax>
			<ymax>143</ymax>
		</bndbox>
	</object>
	<object>
		<name>leading edge</name>
		<pose>Unspecified</pose>
		<truncated>0</truncated>
		<difficult>0</difficult>
		<bndbox>
			<xmin>336</xmin>
			<ymin>201</ymin>
			<xmax>425</xmax>
			<ymax>282</ymax>
		</bndbox>
	</object>
	<object>
		<name>leading edge</name>
		<pose>Unspecified</pose>
		<truncated>0</truncated>
		<difficult>0</difficult>
		<bndbox>
			<xmin>556</xmin>
			<ymin>317</ymin>
			<xmax>623</xmax>
			<ymax>382</ymax>
		</bndbox>
	</object>
</annotation>
