<annotation>
	<folder>JPEGImages</folder>
	<filename>4.jpg</filename>
	<path>C:\Users\sanhang\Desktop\JPEGImages\4.jpg</path>
	<source>
		<database>Unknown</database>
	</source>
	<size>
		<width>459</width>
		<height>658</height>
		<depth>3</depth>
	</size>
	<segmented>0</segmented>
	<object>
		<name>leading edge</name>
		<pose>Unspecified</pose>
		<truncated>0</truncated>
		<difficult>0</difficult>
		<bndbox>
			<xmin>226</xmin>
			<ymin>277</ymin>
			<xmax>285</xmax>
			<ymax>321</ymax>
		</bndbox>
	</object>
</annotation>
