<annotation>
	<folder>JPEGImages</folder>
	<filename>40.jpg</filename>
	<path>C:\Users\sanhang\Desktop\JPEGImages\40.jpg</path>
	<source>
		<database>Unknown</database>
	</source>
	<size>
		<width>695</width>
		<height>492</height>
		<depth>3</depth>
	</size>
	<segmented>0</segmented>
	<object>
		<name>leading edge</name>
		<pose>Unspecified</pose>
		<truncated>0</truncated>
		<difficult>0</difficult>
		<bndbox>
			<xmin>68</xmin>
			<ymin>245</ymin>
			<xmax>92</xmax>
			<ymax>264</ymax>
		</bndbox>
	</object>
	<object>
		<name>leading edge</name>
		<pose>Unspecified</pose>
		<truncated>0</truncated>
		<difficult>0</difficult>
		<bndbox>
			<xmin>123</xmin>
			<ymin>217</ymin>
			<xmax>148</xmax>
			<ymax>240</ymax>
		</bndbox>
	</object>
	<object>
		<name>leading edge</name>
		<pose>Unspecified</pose>
		<truncated>0</truncated>
		<difficult>0</difficult>
		<bndbox>
			<xmin>199</xmin>
			<ymin>195</ymin>
			<xmax>223</xmax>
			<ymax>219</ymax>
		</bndbox>
	</object>
	<object>
		<name>leading edge</name>
		<pose>Unspecified</pose>
		<truncated>0</truncated>
		<difficult>0</difficult>
		<bndbox>
			<xmin>291</xmin>
			<ymin>188</ymin>
			<xmax>317</xmax>
			<ymax>212</ymax>
		</bndbox>
	</object>
	<object>
		<name>leading edge</name>
		<pose>Unspecified</pose>
		<truncated>0</truncated>
		<difficult>0</difficult>
		<bndbox>
			<xmin>400</xmin>
			<ymin>204</ymin>
			<xmax>429</xmax>
			<ymax>226</ymax>
		</bndbox>
	</object>
	<object>
		<name>leading edge</name>
		<pose>Unspecified</pose>
		<truncated>0</truncated>
		<difficult>0</difficult>
		<bndbox>
			<xmin>520</xmin>
			<ymin>243</ymin>
			<xmax>546</xmax>
			<ymax>261</ymax>
		</bndbox>
	</object>
</annotation>
