<annotation>
	<folder>JPEGImages</folder>
	<filename>47.jpg</filename>
	<path>C:\Users\sanhang\Desktop\JPEGImages\47.jpg</path>
	<source>
		<database>Unknown</database>
	</source>
	<size>
		<width>1011</width>
		<height>535</height>
		<depth>3</depth>
	</size>
	<segmented>0</segmented>
	<object>
		<name>leading edge</name>
		<pose>Unspecified</pose>
		<truncated>0</truncated>
		<difficult>0</difficult>
		<bndbox>
			<xmin>91</xmin>
			<ymin>138</ymin>
			<xmax>125</xmax>
			<ymax>157</ymax>
		</bndbox>
	</object>
	<object>
		<name>leading edge</name>
		<pose>Unspecified</pose>
		<truncated>0</truncated>
		<difficult>0</difficult>
		<bndbox>
			<xmin>251</xmin>
			<ymin>213</ymin>
			<xmax>283</xmax>
			<ymax>234</ymax>
		</bndbox>
	</object>
	<object>
		<name>leading edge</name>
		<pose>Unspecified</pose>
		<truncated>0</truncated>
		<difficult>0</difficult>
		<bndbox>
			<xmin>401</xmin>
			<ymin>250</ymin>
			<xmax>434</xmax>
			<ymax>274</ymax>
		</bndbox>
	</object>
	<object>
		<name>leading edge</name>
		<pose>Unspecified</pose>
		<truncated>0</truncated>
		<difficult>0</difficult>
		<bndbox>
			<xmin>553</xmin>
			<ymin>256</ymin>
			<xmax>587</xmax>
			<ymax>279</ymax>
		</bndbox>
	</object>
	<object>
		<name>leading edge</name>
		<pose>Unspecified</pose>
		<truncated>0</truncated>
		<difficult>0</difficult>
		<bndbox>
			<xmin>737</xmin>
			<ymin>224</ymin>
			<xmax>776</xmax>
			<ymax>251</ymax>
		</bndbox>
	</object>
	<object>
		<name>leading edge</name>
		<pose>Unspecified</pose>
		<truncated>0</truncated>
		<difficult>0</difficult>
		<bndbox>
			<xmin>847</xmin>
			<ymin>197</ymin>
			<xmax>876</xmax>
			<ymax>220</ymax>
		</bndbox>
	</object>
</annotation>
