<annotation>
	<folder>JPEGImages</folder>
	<filename>48.jpg</filename>
	<path>C:\Users\sanhang\Desktop\JPEGImages\48.jpg</path>
	<source>
		<database>Unknown</database>
	</source>
	<size>
		<width>1188</width>
		<height>703</height>
		<depth>3</depth>
	</size>
	<segmented>0</segmented>
	<object>
		<name>leading edge</name>
		<pose>Unspecified</pose>
		<truncated>0</truncated>
		<difficult>0</difficult>
		<bndbox>
			<xmin>107</xmin>
			<ymin>104</ymin>
			<xmax>149</xmax>
			<ymax>128</ymax>
		</bndbox>
	</object>
	<object>
		<name>leading edge</name>
		<pose>Unspecified</pose>
		<truncated>0</truncated>
		<difficult>0</difficult>
		<bndbox>
			<xmin>295</xmin>
			<ymin>223</ymin>
			<xmax>339</xmax>
			<ymax>253</ymax>
		</bndbox>
	</object>
	<object>
		<name>leading edge</name>
		<pose>Unspecified</pose>
		<truncated>0</truncated>
		<difficult>0</difficult>
		<bndbox>
			<xmin>478</xmin>
			<ymin>317</ymin>
			<xmax>516</xmax>
			<ymax>355</ymax>
		</bndbox>
	</object>
	<object>
		<name>leading edge</name>
		<pose>Unspecified</pose>
		<truncated>0</truncated>
		<difficult>0</difficult>
		<bndbox>
			<xmin>633</xmin>
			<ymin>384</ymin>
			<xmax>675</xmax>
			<ymax>420</ymax>
		</bndbox>
	</object>
	<object>
		<name>leading edge</name>
		<pose>Unspecified</pose>
		<truncated>0</truncated>
		<difficult>0</difficult>
		<bndbox>
			<xmin>780</xmin>
			<ymin>410</ymin>
			<xmax>823</xmax>
			<ymax>439</ymax>
		</bndbox>
	</object>
	<object>
		<name>leading edge</name>
		<pose>Unspecified</pose>
		<truncated>0</truncated>
		<difficult>0</difficult>
		<bndbox>
			<xmin>930</xmin>
			<ymin>398</ymin>
			<xmax>973</xmax>
			<ymax>425</ymax>
		</bndbox>
	</object>
</annotation>
