<annotation>
	<folder>JPEGImages</folder>
	<filename>5.jpg</filename>
	<path>C:\Users\sanhang\Desktop\JPEGImages\5.jpg</path>
	<source>
		<database>Unknown</database>
	</source>
	<size>
		<width>752</width>
		<height>563</height>
		<depth>3</depth>
	</size>
	<segmented>0</segmented>
	<object>
		<name>leading edge</name>
		<pose>Unspecified</pose>
		<truncated>0</truncated>
		<difficult>0</difficult>
		<bndbox>
			<xmin>303</xmin>
			<ymin>233</ymin>
			<xmax>356</xmax>
			<ymax>305</ymax>
		</bndbox>
	</object>
</annotation>
