<annotation>
	<folder>JPEGImages</folder>
	<filename>53.jpg</filename>
	<path>C:\Users\sanhang\Desktop\JPEGImages\53.jpg</path>
	<source>
		<database>Unknown</database>
	</source>
	<size>
		<width>605</width>
		<height>681</height>
		<depth>3</depth>
	</size>
	<segmented>0</segmented>
	<object>
		<name>leading edge</name>
		<pose>Unspecified</pose>
		<truncated>0</truncated>
		<difficult>0</difficult>
		<bndbox>
			<xmin>119</xmin>
			<ymin>51</ymin>
			<xmax>151</xmax>
			<ymax>79</ymax>
		</bndbox>
	</object>
	<object>
		<name>leading edge</name>
		<pose>Unspecified</pose>
		<truncated>0</truncated>
		<difficult>0</difficult>
		<bndbox>
			<xmin>272</xmin>
			<ymin>221</ymin>
			<xmax>313</xmax>
			<ymax>249</ymax>
		</bndbox>
	</object>
	<object>
		<name>leading edge</name>
		<pose>Unspecified</pose>
		<truncated>0</truncated>
		<difficult>0</difficult>
		<bndbox>
			<xmin>425</xmin>
			<ymin>363</ymin>
			<xmax>450</xmax>
			<ymax>394</ymax>
		</bndbox>
	</object>
	<object>
		<name>leading edge</name>
		<pose>Unspecified</pose>
		<truncated>0</truncated>
		<difficult>0</difficult>
		<bndbox>
			<xmin>544</xmin>
			<ymin>496</ymin>
			<xmax>574</xmax>
			<ymax>523</ymax>
		</bndbox>
	</object>
</annotation>
