<annotation>
	<folder>JPEGImages</folder>
	<filename>54.jpg</filename>
	<path>C:\Users\sanhang\Desktop\JPEGImages\54.jpg</path>
	<source>
		<database>Unknown</database>
	</source>
	<size>
		<width>252</width>
		<height>193</height>
		<depth>3</depth>
	</size>
	<segmented>0</segmented>
	<object>
		<name>leading edge</name>
		<pose>Unspecified</pose>
		<truncated>0</truncated>
		<difficult>0</difficult>
		<bndbox>
			<xmin>108</xmin>
			<ymin>18</ymin>
			<xmax>133</xmax>
			<ymax>33</ymax>
		</bndbox>
	</object>
	<object>
		<name>leading edge</name>
		<pose>Unspecified</pose>
		<truncated>0</truncated>
		<difficult>0</difficult>
		<bndbox>
			<xmin>75</xmin>
			<ymin>101</ymin>
			<xmax>98</xmax>
			<ymax>113</ymax>
		</bndbox>
	</object>
</annotation>
