<annotation>
	<folder>JPEGImages</folder>
	<filename>56.jpg</filename>
	<path>C:\Users\sanhang\Desktop\JPEGImages\56.jpg</path>
	<source>
		<database>Unknown</database>
	</source>
	<size>
		<width>458</width>
		<height>310</height>
		<depth>3</depth>
	</size>
	<segmented>0</segmented>
	<object>
		<name>leading edge</name>
		<pose>Unspecified</pose>
		<truncated>0</truncated>
		<difficult>0</difficult>
		<bndbox>
			<xmin>402</xmin>
			<ymin>36</ymin>
			<xmax>420</xmax>
			<ymax>61</ymax>
		</bndbox>
	</object>
	<object>
		<name>leading edge</name>
		<pose>Unspecified</pose>
		<truncated>0</truncated>
		<difficult>0</difficult>
		<bndbox>
			<xmin>315</xmin>
			<ymin>89</ymin>
			<xmax>332</xmax>
			<ymax>111</ymax>
		</bndbox>
	</object>
	<object>
		<name>leading edge</name>
		<pose>Unspecified</pose>
		<truncated>0</truncated>
		<difficult>0</difficult>
		<bndbox>
			<xmin>231</xmin>
			<ymin>137</ymin>
			<xmax>243</xmax>
			<ymax>165</ymax>
		</bndbox>
	</object>
	<object>
		<name>leading edge</name>
		<pose>Unspecified</pose>
		<truncated>0</truncated>
		<difficult>0</difficult>
		<bndbox>
			<xmin>145</xmin>
			<ymin>194</ymin>
			<xmax>163</xmax>
			<ymax>217</ymax>
		</bndbox>
	</object>
</annotation>
