<annotation>
	<folder>JPEGImages</folder>
	<filename>59.jpg</filename>
	<path>C:\Users\sanhang\Desktop\JPEGImages\59.jpg</path>
	<source>
		<database>Unknown</database>
	</source>
	<size>
		<width>546</width>
		<height>623</height>
		<depth>3</depth>
	</size>
	<segmented>0</segmented>
	<object>
		<name>leading edge</name>
		<pose>Unspecified</pose>
		<truncated>0</truncated>
		<difficult>0</difficult>
		<bndbox>
			<xmin>207</xmin>
			<ymin>187</ymin>
			<xmax>291</xmax>
			<ymax>239</ymax>
		</bndbox>
	</object>
</annotation>
