<annotation>
	<folder>JPEGImages</folder>
	<filename>6.jpg</filename>
	<path>C:\Users\sanhang\Desktop\JPEGImages\6.jpg</path>
	<source>
		<database>Unknown</database>
	</source>
	<size>
		<width>433</width>
		<height>419</height>
		<depth>3</depth>
	</size>
	<segmented>0</segmented>
	<object>
		<name>leading edge</name>
		<pose>Unspecified</pose>
		<truncated>0</truncated>
		<difficult>0</difficult>
		<bndbox>
			<xmin>196</xmin>
			<ymin>148</ymin>
			<xmax>280</xmax>
			<ymax>224</ymax>
		</bndbox>
	</object>
</annotation>
