<annotation>
	<folder>JPEGImages</folder>
	<filename>60.jpg</filename>
	<path>C:\Users\sanhang\Desktop\JPEGImages\60.jpg</path>
	<source>
		<database>Unknown</database>
	</source>
	<size>
		<width>714</width>
		<height>510</height>
		<depth>3</depth>
	</size>
	<segmented>0</segmented>
	<object>
		<name>leading edge</name>
		<pose>Unspecified</pose>
		<truncated>0</truncated>
		<difficult>0</difficult>
		<bndbox>
			<xmin>72</xmin>
			<ymin>118</ymin>
			<xmax>91</xmax>
			<ymax>132</ymax>
		</bndbox>
	</object>
	<object>
		<name>leading edge</name>
		<pose>Unspecified</pose>
		<truncated>0</truncated>
		<difficult>0</difficult>
		<bndbox>
			<xmin>258</xmin>
			<ymin>151</ymin>
			<xmax>276</xmax>
			<ymax>165</ymax>
		</bndbox>
	</object>
	<object>
		<name>leading edge</name>
		<pose>Unspecified</pose>
		<truncated>0</truncated>
		<difficult>0</difficult>
		<bndbox>
			<xmin>446</xmin>
			<ymin>196</ymin>
			<xmax>466</xmax>
			<ymax>216</ymax>
		</bndbox>
	</object>
	<object>
		<name>leading edge</name>
		<pose>Unspecified</pose>
		<truncated>0</truncated>
		<difficult>0</difficult>
		<bndbox>
			<xmin>651</xmin>
			<ymin>260</ymin>
			<xmax>672</xmax>
			<ymax>278</ymax>
		</bndbox>
	</object>
</annotation>
