<annotation>
	<folder>JPEGImages</folder>
	<filename>63.jpg</filename>
	<path>C:\Users\sanhang\Desktop\JPEGImages\63.jpg</path>
	<source>
		<database>Unknown</database>
	</source>
	<size>
		<width>604</width>
		<height>529</height>
		<depth>3</depth>
	</size>
	<segmented>0</segmented>
	<object>
		<name>leading edge</name>
		<pose>Unspecified</pose>
		<truncated>0</truncated>
		<difficult>0</difficult>
		<bndbox>
			<xmin>365</xmin>
			<ymin>40</ymin>
			<xmax>407</xmax>
			<ymax>92</ymax>
		</bndbox>
	</object>
	<object>
		<name>leading edge</name>
		<pose>Unspecified</pose>
		<truncated>0</truncated>
		<difficult>0</difficult>
		<bndbox>
			<xmin>337</xmin>
			<ymin>184</ymin>
			<xmax>374</xmax>
			<ymax>237</ymax>
		</bndbox>
	</object>
	<object>
		<name>leading edge</name>
		<pose>Unspecified</pose>
		<truncated>0</truncated>
		<difficult>0</difficult>
		<bndbox>
			<xmin>343</xmin>
			<ymin>305</ymin>
			<xmax>383</xmax>
			<ymax>359</ymax>
		</bndbox>
	</object>
</annotation>
