<annotation>
	<folder>JPEGImages</folder>
	<filename>64.jpg</filename>
	<path>C:\Users\sanhang\Desktop\JPEGImages\64.jpg</path>
	<source>
		<database>Unknown</database>
	</source>
	<size>
		<width>914</width>
		<height>705</height>
		<depth>3</depth>
	</size>
	<segmented>0</segmented>
	<object>
		<name>leading edge</name>
		<pose>Unspecified</pose>
		<truncated>0</truncated>
		<difficult>0</difficult>
		<bndbox>
			<xmin>188</xmin>
			<ymin>107</ymin>
			<xmax>247</xmax>
			<ymax>155</ymax>
		</bndbox>
	</object>
	<object>
		<name>leading edge</name>
		<pose>Unspecified</pose>
		<truncated>0</truncated>
		<difficult>0</difficult>
		<bndbox>
			<xmin>626</xmin>
			<ymin>343</ymin>
			<xmax>688</xmax>
			<ymax>395</ymax>
		</bndbox>
	</object>
</annotation>
