<annotation>
	<folder>JPEGImages</folder>
	<filename>65.jpg</filename>
	<path>C:\Users\sanhang\Desktop\JPEGImages\65.jpg</path>
	<source>
		<database>Unknown</database>
	</source>
	<size>
		<width>1163</width>
		<height>365</height>
		<depth>3</depth>
	</size>
	<segmented>0</segmented>
	<object>
		<name>leading edge</name>
		<pose>Unspecified</pose>
		<truncated>0</truncated>
		<difficult>0</difficult>
		<bndbox>
			<xmin>196</xmin>
			<ymin>123</ymin>
			<xmax>218</xmax>
			<ymax>144</ymax>
		</bndbox>
	</object>
	<object>
		<name>leading edge</name>
		<pose>Unspecified</pose>
		<truncated>0</truncated>
		<difficult>0</difficult>
		<bndbox>
			<xmin>337</xmin>
			<ymin>150</ymin>
			<xmax>356</xmax>
			<ymax>165</ymax>
		</bndbox>
	</object>
	<object>
		<name>leading edge</name>
		<pose>Unspecified</pose>
		<truncated>0</truncated>
		<difficult>0</difficult>
		<bndbox>
			<xmin>474</xmin>
			<ymin>167</ymin>
			<xmax>499</xmax>
			<ymax>187</ymax>
		</bndbox>
	</object>
	<object>
		<name>leading edge</name>
		<pose>Unspecified</pose>
		<truncated>0</truncated>
		<difficult>0</difficult>
		<bndbox>
			<xmin>613</xmin>
			<ymin>182</ymin>
			<xmax>636</xmax>
			<ymax>202</ymax>
		</bndbox>
	</object>
	<object>
		<name>leading edge</name>
		<pose>Unspecified</pose>
		<truncated>0</truncated>
		<difficult>0</difficult>
		<bndbox>
			<xmin>757</xmin>
			<ymin>200</ymin>
			<xmax>776</xmax>
			<ymax>222</ymax>
		</bndbox>
	</object>
	<object>
		<name>leading edge</name>
		<pose>Unspecified</pose>
		<truncated>0</truncated>
		<difficult>0</difficult>
		<bndbox>
			<xmin>891</xmin>
			<ymin>222</ymin>
			<xmax>916</xmax>
			<ymax>241</ymax>
		</bndbox>
	</object>
</annotation>
