<annotation>
	<folder>JPEGImages</folder>
	<filename>66.jpg</filename>
	<path>C:\Users\sanhang\Desktop\JPEGImages\66.jpg</path>
	<source>
		<database>Unknown</database>
	</source>
	<size>
		<width>635</width>
		<height>460</height>
		<depth>3</depth>
	</size>
	<segmented>0</segmented>
	<object>
		<name>leading edge</name>
		<pose>Unspecified</pose>
		<truncated>0</truncated>
		<difficult>0</difficult>
		<bndbox>
			<xmin>80</xmin>
			<ymin>95</ymin>
			<xmax>112</xmax>
			<ymax>118</ymax>
		</bndbox>
	</object>
	<object>
		<name>leading edge</name>
		<pose>Unspecified</pose>
		<truncated>0</truncated>
		<difficult>0</difficult>
		<bndbox>
			<xmin>250</xmin>
			<ymin>147</ymin>
			<xmax>288</xmax>
			<ymax>176</ymax>
		</bndbox>
	</object>
	<object>
		<name>leading edge</name>
		<pose>Unspecified</pose>
		<truncated>0</truncated>
		<difficult>0</difficult>
		<bndbox>
			<xmin>407</xmin>
			<ymin>194</ymin>
			<xmax>439</xmax>
			<ymax>214</ymax>
		</bndbox>
	</object>
</annotation>
