<annotation>
	<folder>JPEGImages</folder>
	<filename>67.jpg</filename>
	<path>C:\Users\sanhang\Desktop\JPEGImages\67.jpg</path>
	<source>
		<database>Unknown</database>
	</source>
	<size>
		<width>439</width>
		<height>492</height>
		<depth>3</depth>
	</size>
	<segmented>0</segmented>
	<object>
		<name>leading edge</name>
		<pose>Unspecified</pose>
		<truncated>0</truncated>
		<difficult>0</difficult>
		<bndbox>
			<xmin>35</xmin>
			<ymin>116</ymin>
			<xmax>63</xmax>
			<ymax>136</ymax>
		</bndbox>
	</object>
	<object>
		<name>leading edge</name>
		<pose>Unspecified</pose>
		<truncated>0</truncated>
		<difficult>0</difficult>
		<bndbox>
			<xmin>146</xmin>
			<ymin>198</ymin>
			<xmax>172</xmax>
			<ymax>214</ymax>
		</bndbox>
	</object>
	<object>
		<name>leading edge</name>
		<pose>Unspecified</pose>
		<truncated>0</truncated>
		<difficult>0</difficult>
		<bndbox>
			<xmin>324</xmin>
			<ymin>326</ymin>
			<xmax>351</xmax>
			<ymax>342</ymax>
		</bndbox>
	</object>
	<object>
		<name>leading edge</name>
		<pose>Unspecified</pose>
		<truncated>0</truncated>
		<difficult>0</difficult>
		<bndbox>
			<xmin>236</xmin>
			<ymin>261</ymin>
			<xmax>259</xmax>
			<ymax>281</ymax>
		</bndbox>
	</object>
</annotation>
