<annotation>
	<folder>JPEGImages</folder>
	<filename>68.jpg</filename>
	<path>C:\Users\sanhang\Desktop\JPEGImages\68.jpg</path>
	<source>
		<database>Unknown</database>
	</source>
	<size>
		<width>938</width>
		<height>691</height>
		<depth>3</depth>
	</size>
	<segmented>0</segmented>
	<object>
		<name>leading edge</name>
		<pose>Unspecified</pose>
		<truncated>0</truncated>
		<difficult>0</difficult>
		<bndbox>
			<xmin>274</xmin>
			<ymin>181</ymin>
			<xmax>526</xmax>
			<ymax>398</ymax>
		</bndbox>
	</object>
</annotation>
