<annotation>
	<folder>JPEGImages</folder>
	<filename>69.jpg</filename>
	<path>C:\Users\sanhang\Desktop\JPEGImages\69.jpg</path>
	<source>
		<database>Unknown</database>
	</source>
	<size>
		<width>812</width>
		<height>734</height>
		<depth>3</depth>
	</size>
	<segmented>0</segmented>
	<object>
		<name>leading edge</name>
		<pose>Unspecified</pose>
		<truncated>0</truncated>
		<difficult>0</difficult>
		<bndbox>
			<xmin>63</xmin>
			<ymin>242</ymin>
			<xmax>125</xmax>
			<ymax>301</ymax>
		</bndbox>
	</object>
	<object>
		<name>leading edge</name>
		<pose>Unspecified</pose>
		<truncated>0</truncated>
		<difficult>0</difficult>
		<bndbox>
			<xmin>286</xmin>
			<ymin>338</ymin>
			<xmax>345</xmax>
			<ymax>388</ymax>
		</bndbox>
	</object>
	<object>
		<name>leading edge</name>
		<pose>Unspecified</pose>
		<truncated>0</truncated>
		<difficult>0</difficult>
		<bndbox>
			<xmin>566</xmin>
			<ymin>459</ymin>
			<xmax>619</xmax>
			<ymax>495</ymax>
		</bndbox>
	</object>
</annotation>
