<annotation>
	<folder>JPEGImages</folder>
	<filename>7.jpg</filename>
	<path>C:\Users\sanhang\Desktop\JPEGImages\7.jpg</path>
	<source>
		<database>Unknown</database>
	</source>
	<size>
		<width>583</width>
		<height>550</height>
		<depth>3</depth>
	</size>
	<segmented>0</segmented>
	<object>
		<name>leading edge</name>
		<pose>Unspecified</pose>
		<truncated>0</truncated>
		<difficult>0</difficult>
		<bndbox>
			<xmin>296</xmin>
			<ymin>231</ymin>
			<xmax>331</xmax>
			<ymax>268</ymax>
		</bndbox>
	</object>
</annotation>
