<annotation>
	<folder>JPEGImages</folder>
	<filename>70.jpg</filename>
	<path>C:\Users\sanhang\Desktop\JPEGImages\70.jpg</path>
	<source>
		<database>Unknown</database>
	</source>
	<size>
		<width>1062</width>
		<height>924</height>
		<depth>3</depth>
	</size>
	<segmented>0</segmented>
	<object>
		<name>leading edge</name>
		<pose>Unspecified</pose>
		<truncated>0</truncated>
		<difficult>0</difficult>
		<bndbox>
			<xmin>163</xmin>
			<ymin>176</ymin>
			<xmax>243</xmax>
			<ymax>249</ymax>
		</bndbox>
	</object>
	<object>
		<name>leading edge</name>
		<pose>Unspecified</pose>
		<truncated>0</truncated>
		<difficult>0</difficult>
		<bndbox>
			<xmin>465</xmin>
			<ymin>430</ymin>
			<xmax>564</xmax>
			<ymax>507</ymax>
		</bndbox>
	</object>
	<object>
		<name>leading edge</name>
		<pose>Unspecified</pose>
		<truncated>0</truncated>
		<difficult>0</difficult>
		<bndbox>
			<xmin>818</xmin>
			<ymin>720</ymin>
			<xmax>913</xmax>
			<ymax>805</ymax>
		</bndbox>
	</object>
</annotation>
