<annotation>
	<folder>JPEGImages</folder>
	<filename>71.jpg</filename>
	<path>C:\Users\sanhang\Desktop\JPEGImages\71.jpg</path>
	<source>
		<database>Unknown</database>
	</source>
	<size>
		<width>556</width>
		<height>252</height>
		<depth>3</depth>
	</size>
	<segmented>0</segmented>
	<object>
		<name>leading edge</name>
		<pose>Unspecified</pose>
		<truncated>0</truncated>
		<difficult>0</difficult>
		<bndbox>
			<xmin>469</xmin>
			<ymin>22</ymin>
			<xmax>494</xmax>
			<ymax>71</ymax>
		</bndbox>
	</object>
	<object>
		<name>leading edge</name>
		<pose>Unspecified</pose>
		<truncated>0</truncated>
		<difficult>0</difficult>
		<bndbox>
			<xmin>451</xmin>
			<ymin>145</ymin>
			<xmax>481</xmax>
			<ymax>203</ymax>
		</bndbox>
	</object>
</annotation>
