<annotation>
	<folder>JPEGImages</folder>
	<filename>72.jpg</filename>
	<path>C:\Users\sanhang\Desktop\JPEGImages\72.jpg</path>
	<source>
		<database>Unknown</database>
	</source>
	<size>
		<width>447</width>
		<height>496</height>
		<depth>3</depth>
	</size>
	<segmented>0</segmented>
	<object>
		<name>leading edge</name>
		<pose>Unspecified</pose>
		<truncated>0</truncated>
		<difficult>0</difficult>
		<bndbox>
			<xmin>149</xmin>
			<ymin>122</ymin>
			<xmax>175</xmax>
			<ymax>149</ymax>
		</bndbox>
	</object>
	<object>
		<name>leading edge</name>
		<pose>Unspecified</pose>
		<truncated>0</truncated>
		<difficult>0</difficult>
		<bndbox>
			<xmin>230</xmin>
			<ymin>301</ymin>
			<xmax>259</xmax>
			<ymax>333</ymax>
		</bndbox>
	</object>
</annotation>
