<annotation>
	<folder>JPEGImages</folder>
	<filename>74.jpg</filename>
	<path>C:\Users\sanhang\Desktop\JPEGImages\74.jpg</path>
	<source>
		<database>Unknown</database>
	</source>
	<size>
		<width>563</width>
		<height>512</height>
		<depth>3</depth>
	</size>
	<segmented>0</segmented>
	<object>
		<name>leading edge</name>
		<pose>Unspecified</pose>
		<truncated>0</truncated>
		<difficult>0</difficult>
		<bndbox>
			<xmin>183</xmin>
			<ymin>183</ymin>
			<xmax>290</xmax>
			<ymax>249</ymax>
		</bndbox>
	</object>
</annotation>
