<annotation>
	<folder>JPEGImages</folder>
	<filename>75.jpg</filename>
	<path>C:\Users\sanhang\Desktop\JPEGImages\75.jpg</path>
	<source>
		<database>Unknown</database>
	</source>
	<size>
		<width>184</width>
		<height>180</height>
		<depth>3</depth>
	</size>
	<segmented>0</segmented>
	<object>
		<name>leading edge</name>
		<pose>Unspecified</pose>
		<truncated>0</truncated>
		<difficult>0</difficult>
		<bndbox>
			<xmin>98</xmin>
			<ymin>102</ymin>
			<xmax>122</xmax>
			<ymax>115</ymax>
		</bndbox>
	</object>
</annotation>
