<annotation>
	<folder>JPEGImages</folder>
	<filename>76.jpg</filename>
	<path>C:\Users\sanhang\Desktop\JPEGImages\76.jpg</path>
	<source>
		<database>Unknown</database>
	</source>
	<size>
		<width>757</width>
		<height>422</height>
		<depth>3</depth>
	</size>
	<segmented>0</segmented>
	<object>
		<name>leading edge</name>
		<pose>Unspecified</pose>
		<truncated>0</truncated>
		<difficult>0</difficult>
		<bndbox>
			<xmin>83</xmin>
			<ymin>114</ymin>
			<xmax>128</xmax>
			<ymax>150</ymax>
		</bndbox>
	</object>
	<object>
		<name>leading edge</name>
		<pose>Unspecified</pose>
		<truncated>0</truncated>
		<difficult>0</difficult>
		<bndbox>
			<xmin>351</xmin>
			<ymin>205</ymin>
			<xmax>394</xmax>
			<ymax>239</ymax>
		</bndbox>
	</object>
	<object>
		<name>leading edge</name>
		<pose>Unspecified</pose>
		<truncated>0</truncated>
		<difficult>0</difficult>
		<bndbox>
			<xmin>600</xmin>
			<ymin>320</ymin>
			<xmax>640</xmax>
			<ymax>365</ymax>
		</bndbox>
	</object>
</annotation>
