<annotation>
	<folder>JPEGImages</folder>
	<filename>77.jpg</filename>
	<path>C:\Users\sanhang\Desktop\JPEGImages\77.jpg</path>
	<source>
		<database>Unknown</database>
	</source>
	<size>
		<width>464</width>
		<height>375</height>
		<depth>3</depth>
	</size>
	<segmented>0</segmented>
	<object>
		<name>leading edge</name>
		<pose>Unspecified</pose>
		<truncated>0</truncated>
		<difficult>0</difficult>
		<bndbox>
			<xmin>134</xmin>
			<ymin>125</ymin>
			<xmax>171</xmax>
			<ymax>146</ymax>
		</bndbox>
	</object>
	<object>
		<name>leading edge</name>
		<pose>Unspecified</pose>
		<truncated>0</truncated>
		<difficult>0</difficult>
		<bndbox>
			<xmin>337</xmin>
			<ymin>126</ymin>
			<xmax>376</xmax>
			<ymax>150</ymax>
		</bndbox>
	</object>
</annotation>
