<annotation>
	<folder>JPEGImages</folder>
	<filename>78.jpg</filename>
	<path>C:\Users\sanhang\Desktop\JPEGImages\78.jpg</path>
	<source>
		<database>Unknown</database>
	</source>
	<size>
		<width>399</width>
		<height>403</height>
		<depth>3</depth>
	</size>
	<segmented>0</segmented>
	<object>
		<name>leading edge</name>
		<pose>Unspecified</pose>
		<truncated>0</truncated>
		<difficult>0</difficult>
		<bndbox>
			<xmin>138</xmin>
			<ymin>88</ymin>
			<xmax>163</xmax>
			<ymax>100</ymax>
		</bndbox>
	</object>
	<object>
		<name>leading edge</name>
		<pose>Unspecified</pose>
		<truncated>0</truncated>
		<difficult>0</difficult>
		<bndbox>
			<xmin>195</xmin>
			<ymin>192</ymin>
			<xmax>217</xmax>
			<ymax>203</ymax>
		</bndbox>
	</object>
	<object>
		<name>leading edge</name>
		<pose>Unspecified</pose>
		<truncated>0</truncated>
		<difficult>0</difficult>
		<bndbox>
			<xmin>251</xmin>
			<ymin>308</ymin>
			<xmax>270</xmax>
			<ymax>320</ymax>
		</bndbox>
	</object>
</annotation>
