<annotation>
	<folder>JPEGImages</folder>
	<filename>79.jpg</filename>
	<path>C:\Users\sanhang\Desktop\JPEGImages\79.jpg</path>
	<source>
		<database>Unknown</database>
	</source>
	<size>
		<width>847</width>
		<height>558</height>
		<depth>3</depth>
	</size>
	<segmented>0</segmented>
	<object>
		<name>leading edge</name>
		<pose>Unspecified</pose>
		<truncated>0</truncated>
		<difficult>0</difficult>
		<bndbox>
			<xmin>98</xmin>
			<ymin>379</ymin>
			<xmax>145</xmax>
			<ymax>417</ymax>
		</bndbox>
	</object>
	<object>
		<name>leading edge</name>
		<pose>Unspecified</pose>
		<truncated>0</truncated>
		<difficult>0</difficult>
		<bndbox>
			<xmin>383</xmin>
			<ymin>264</ymin>
			<xmax>431</xmax>
			<ymax>302</ymax>
		</bndbox>
	</object>
	<object>
		<name>leading edge</name>
		<pose>Unspecified</pose>
		<truncated>0</truncated>
		<difficult>0</difficult>
		<bndbox>
			<xmin>695</xmin>
			<ymin>124</ymin>
			<xmax>732</xmax>
			<ymax>154</ymax>
		</bndbox>
	</object>
</annotation>
