<annotation>
	<folder>JPEGImages</folder>
	<filename>8.jpg</filename>
	<path>C:\Users\sanhang\Desktop\JPEGImages\8.jpg</path>
	<source>
		<database>Unknown</database>
	</source>
	<size>
		<width>1053</width>
		<height>710</height>
		<depth>3</depth>
	</size>
	<segmented>0</segmented>
	<object>
		<name>leading edge</name>
		<pose>Unspecified</pose>
		<truncated>0</truncated>
		<difficult>0</difficult>
		<bndbox>
			<xmin>519</xmin>
			<ymin>279</ymin>
			<xmax>594</xmax>
			<ymax>407</ymax>
		</bndbox>
	</object>
</annotation>
