<annotation>
	<folder>JPEGImages</folder>
	<filename>80.jpg</filename>
	<path>C:\Users\sanhang\Desktop\JPEGImages\80.jpg</path>
	<source>
		<database>Unknown</database>
	</source>
	<size>
		<width>988</width>
		<height>773</height>
		<depth>3</depth>
	</size>
	<segmented>0</segmented>
	<object>
		<name>leading edge</name>
		<pose>Unspecified</pose>
		<truncated>0</truncated>
		<difficult>0</difficult>
		<bndbox>
			<xmin>414</xmin>
			<ymin>293</ymin>
			<xmax>562</xmax>
			<ymax>465</ymax>
		</bndbox>
	</object>
</annotation>
