<annotation>
	<folder>JPEGImages</folder>
	<filename>81.jpg</filename>
	<path>C:\Users\sanhang\Desktop\JPEGImages\81.jpg</path>
	<source>
		<database>Unknown</database>
	</source>
	<size>
		<width>914</width>
		<height>721</height>
		<depth>3</depth>
	</size>
	<segmented>0</segmented>
	<object>
		<name>leading edge</name>
		<pose>Unspecified</pose>
		<truncated>0</truncated>
		<difficult>0</difficult>
		<bndbox>
			<xmin>333</xmin>
			<ymin>527</ymin>
			<xmax>392</xmax>
			<ymax>582</ymax>
		</bndbox>
	</object>
	<object>
		<name>leading edge</name>
		<pose>Unspecified</pose>
		<truncated>0</truncated>
		<difficult>0</difficult>
		<bndbox>
			<xmin>515</xmin>
			<ymin>273</ymin>
			<xmax>577</xmax>
			<ymax>317</ymax>
		</bndbox>
	</object>
</annotation>
