<annotation>
	<folder>JPEGImages</folder>
	<filename>82.jpg</filename>
	<path>C:\Users\sanhang\Desktop\JPEGImages\82.jpg</path>
	<source>
		<database>Unknown</database>
	</source>
	<size>
		<width>605</width>
		<height>627</height>
		<depth>3</depth>
	</size>
	<segmented>0</segmented>
	<object>
		<name>leading edge</name>
		<pose>Unspecified</pose>
		<truncated>0</truncated>
		<difficult>0</difficult>
		<bndbox>
			<xmin>174</xmin>
			<ymin>316</ymin>
			<xmax>219</xmax>
			<ymax>360</ymax>
		</bndbox>
	</object>
	<object>
		<name>leading edge</name>
		<pose>Unspecified</pose>
		<truncated>0</truncated>
		<difficult>0</difficult>
		<bndbox>
			<xmin>448</xmin>
			<ymin>247</ymin>
			<xmax>489</xmax>
			<ymax>292</ymax>
		</bndbox>
	</object>
</annotation>
