<annotation>
	<folder>JPEGImages</folder>
	<filename>83.jpg</filename>
	<path>C:\Users\sanhang\Desktop\JPEGImages\83.jpg</path>
	<source>
		<database>Unknown</database>
	</source>
	<size>
		<width>847</width>
		<height>667</height>
		<depth>3</depth>
	</size>
	<segmented>0</segmented>
	<object>
		<name>leading edge</name>
		<pose>Unspecified</pose>
		<truncated>0</truncated>
		<difficult>0</difficult>
		<bndbox>
			<xmin>214</xmin>
			<ymin>361</ymin>
			<xmax>249</xmax>
			<ymax>408</ymax>
		</bndbox>
	</object>
	<object>
		<name>leading edge</name>
		<pose>Unspecified</pose>
		<truncated>0</truncated>
		<difficult>0</difficult>
		<bndbox>
			<xmin>443</xmin>
			<ymin>290</ymin>
			<xmax>481</xmax>
			<ymax>332</ymax>
		</bndbox>
	</object>
	<object>
		<name>leading edge</name>
		<pose>Unspecified</pose>
		<truncated>0</truncated>
		<difficult>0</difficult>
		<bndbox>
			<xmin>633</xmin>
			<ymin>193</ymin>
			<xmax>672</xmax>
			<ymax>238</ymax>
		</bndbox>
	</object>
	<object>
		<name>leading edge</name>
		<pose>Unspecified</pose>
		<truncated>0</truncated>
		<difficult>0</difficult>
		<bndbox>
			<xmin>773</xmin>
			<ymin>75</ymin>
			<xmax>808</xmax>
			<ymax>117</ymax>
		</bndbox>
	</object>
</annotation>
