<annotation>
	<folder>JPEGImages</folder>
	<filename>84.jpg</filename>
	<path>C:\Users\sanhang\Desktop\JPEGImages\84.jpg</path>
	<source>
		<database>Unknown</database>
	</source>
	<size>
		<width>519</width>
		<height>387</height>
		<depth>3</depth>
	</size>
	<segmented>0</segmented>
	<object>
		<name>leading edge</name>
		<pose>Unspecified</pose>
		<truncated>0</truncated>
		<difficult>0</difficult>
		<bndbox>
			<xmin>97</xmin>
			<ymin>147</ymin>
			<xmax>121</xmax>
			<ymax>182</ymax>
		</bndbox>
	</object>
	<object>
		<name>leading edge</name>
		<pose>Unspecified</pose>
		<truncated>0</truncated>
		<difficult>0</difficult>
		<bndbox>
			<xmin>272</xmin>
			<ymin>146</ymin>
			<xmax>306</xmax>
			<ymax>183</ymax>
		</bndbox>
	</object>
</annotation>
