<annotation>
	<folder>JPEGImages</folder>
	<filename>85.jpg</filename>
	<path>C:\Users\sanhang\Desktop\JPEGImages\85.jpg</path>
	<source>
		<database>Unknown</database>
	</source>
	<size>
		<width>715</width>
		<height>660</height>
		<depth>3</depth>
	</size>
	<segmented>0</segmented>
	<object>
		<name>leading edge</name>
		<pose>Unspecified</pose>
		<truncated>0</truncated>
		<difficult>0</difficult>
		<bndbox>
			<xmin>231</xmin>
			<ymin>302</ymin>
			<xmax>255</xmax>
			<ymax>335</ymax>
		</bndbox>
	</object>
	<object>
		<name>leading edge</name>
		<pose>Unspecified</pose>
		<truncated>0</truncated>
		<difficult>0</difficult>
		<bndbox>
			<xmin>376</xmin>
			<ymin>285</ymin>
			<xmax>399</xmax>
			<ymax>317</ymax>
		</bndbox>
	</object>
	<object>
		<name>leading edge</name>
		<pose>Unspecified</pose>
		<truncated>0</truncated>
		<difficult>0</difficult>
		<bndbox>
			<xmin>504</xmin>
			<ymin>257</ymin>
			<xmax>533</xmax>
			<ymax>292</ymax>
		</bndbox>
	</object>
</annotation>
