<annotation>
	<folder>JPEGImages</folder>
	<filename>86.jpg</filename>
	<path>C:\Users\sanhang\Desktop\JPEGImages\86.jpg</path>
	<source>
		<database>Unknown</database>
	</source>
	<size>
		<width>1021</width>
		<height>689</height>
		<depth>3</depth>
	</size>
	<segmented>0</segmented>
	<object>
		<name>leading edge</name>
		<pose>Unspecified</pose>
		<truncated>0</truncated>
		<difficult>0</difficult>
		<bndbox>
			<xmin>501</xmin>
			<ymin>359</ymin>
			<xmax>608</xmax>
			<ymax>534</ymax>
		</bndbox>
	</object>
</annotation>
