<annotation>
	<folder>JPEGImages</folder>
	<filename>87.jpg</filename>
	<path>C:\Users\sanhang\Desktop\JPEGImages\87.jpg</path>
	<source>
		<database>Unknown</database>
	</source>
	<size>
		<width>378</width>
		<height>374</height>
		<depth>3</depth>
	</size>
	<segmented>0</segmented>
	<object>
		<name>leading edge</name>
		<pose>Unspecified</pose>
		<truncated>0</truncated>
		<difficult>0</difficult>
		<bndbox>
			<xmin>240</xmin>
			<ymin>223</ymin>
			<xmax>291</xmax>
			<ymax>262</ymax>
		</bndbox>
	</object>
</annotation>
