<annotation>
	<folder>JPEGImages</folder>
	<filename>88.jpg</filename>
	<path>C:\Users\sanhang\Desktop\JPEGImages\88.jpg</path>
	<source>
		<database>Unknown</database>
	</source>
	<size>
		<width>549</width>
		<height>581</height>
		<depth>3</depth>
	</size>
	<segmented>0</segmented>
	<object>
		<name>leading edge</name>
		<pose>Unspecified</pose>
		<truncated>0</truncated>
		<difficult>0</difficult>
		<bndbox>
			<xmin>219</xmin>
			<ymin>335</ymin>
			<xmax>312</xmax>
			<ymax>398</ymax>
		</bndbox>
	</object>
</annotation>
