<annotation>
	<folder>JPEGImages</folder>
	<filename>89.jpg</filename>
	<path>C:\Users\sanhang\Desktop\JPEGImages\89.jpg</path>
	<source>
		<database>Unknown</database>
	</source>
	<size>
		<width>590</width>
		<height>765</height>
		<depth>3</depth>
	</size>
	<segmented>0</segmented>
	<object>
		<name>leading edge</name>
		<pose>Unspecified</pose>
		<truncated>0</truncated>
		<difficult>0</difficult>
		<bndbox>
			<xmin>122</xmin>
			<ymin>149</ymin>
			<xmax>154</xmax>
			<ymax>170</ymax>
		</bndbox>
	</object>
	<object>
		<name>leading edge</name>
		<pose>Unspecified</pose>
		<truncated>0</truncated>
		<difficult>0</difficult>
		<bndbox>
			<xmin>274</xmin>
			<ymin>341</ymin>
			<xmax>309</xmax>
			<ymax>360</ymax>
		</bndbox>
	</object>
	<object>
		<name>leading edge</name>
		<pose>Unspecified</pose>
		<truncated>0</truncated>
		<difficult>0</difficult>
		<bndbox>
			<xmin>422</xmin>
			<ymin>538</ymin>
			<xmax>452</xmax>
			<ymax>556</ymax>
		</bndbox>
	</object>
</annotation>
