<annotation>
	<folder>JPEGImages</folder>
	<filename>9.jpg</filename>
	<path>C:\Users\sanhang\Desktop\JPEGImages\9.jpg</path>
	<source>
		<database>Unknown</database>
	</source>
	<size>
		<width>521</width>
		<height>467</height>
		<depth>3</depth>
	</size>
	<segmented>0</segmented>
	<object>
		<name>leading edge</name>
		<pose>Unspecified</pose>
		<truncated>0</truncated>
		<difficult>0</difficult>
		<bndbox>
			<xmin>261</xmin>
			<ymin>239</ymin>
			<xmax>289</xmax>
			<ymax>275</ymax>
		</bndbox>
	</object>
</annotation>
