<annotation>
	<folder>JPEGImages</folder>
	<filename>91.jpg</filename>
	<path>C:\Users\sanhang\Desktop\JPEGImages\91.jpg</path>
	<source>
		<database>Unknown</database>
	</source>
	<size>
		<width>768</width>
		<height>300</height>
		<depth>3</depth>
	</size>
	<segmented>0</segmented>
	<object>
		<name>leading edge</name>
		<pose>Unspecified</pose>
		<truncated>0</truncated>
		<difficult>0</difficult>
		<bndbox>
			<xmin>82</xmin>
			<ymin>86</ymin>
			<xmax>118</xmax>
			<ymax>102</ymax>
		</bndbox>
	</object>
	<object>
		<name>leading edge</name>
		<pose>Unspecified</pose>
		<truncated>0</truncated>
		<difficult>0</difficult>
		<bndbox>
			<xmin>293</xmin>
			<ymin>109</ymin>
			<xmax>333</xmax>
			<ymax>135</ymax>
		</bndbox>
	</object>
	<object>
		<name>leading edge</name>
		<pose>Unspecified</pose>
		<truncated>0</truncated>
		<difficult>0</difficult>
		<bndbox>
			<xmin>505</xmin>
			<ymin>135</ymin>
			<xmax>546</xmax>
			<ymax>159</ymax>
		</bndbox>
	</object>
</annotation>
