<annotation>
	<folder>JPEGImages</folder>
	<filename>92.jpg</filename>
	<path>C:\Users\sanhang\Desktop\JPEGImages\92.jpg</path>
	<source>
		<database>Unknown</database>
	</source>
	<size>
		<width>774</width>
		<height>562</height>
		<depth>3</depth>
	</size>
	<segmented>0</segmented>
	<object>
		<name>leading edge</name>
		<pose>Unspecified</pose>
		<truncated>0</truncated>
		<difficult>0</difficult>
		<bndbox>
			<xmin>47</xmin>
			<ymin>31</ymin>
			<xmax>128</xmax>
			<ymax>95</ymax>
		</bndbox>
	</object>
	<object>
		<name>leading edge</name>
		<pose>Unspecified</pose>
		<truncated>0</truncated>
		<difficult>0</difficult>
		<bndbox>
			<xmin>147</xmin>
			<ymin>101</ymin>
			<xmax>225</xmax>
			<ymax>170</ymax>
		</bndbox>
	</object>
	<object>
		<name>leading edge</name>
		<pose>Unspecified</pose>
		<truncated>0</truncated>
		<difficult>0</difficult>
		<bndbox>
			<xmin>247</xmin>
			<ymin>177</ymin>
			<xmax>343</xmax>
			<ymax>256</ymax>
		</bndbox>
	</object>
	<object>
		<name>leading edge</name>
		<pose>Unspecified</pose>
		<truncated>0</truncated>
		<difficult>0</difficult>
		<bndbox>
			<xmin>370</xmin>
			<ymin>264</ymin>
			<xmax>469</xmax>
			<ymax>347</ymax>
		</bndbox>
	</object>
</annotation>
