<annotation>
	<folder>JPEGImages</folder>
	<filename>93.jpg</filename>
	<path>C:\Users\sanhang\Desktop\JPEGImages\93.jpg</path>
	<source>
		<database>Unknown</database>
	</source>
	<size>
		<width>664</width>
		<height>471</height>
		<depth>3</depth>
	</size>
	<segmented>0</segmented>
	<object>
		<name>leading edge</name>
		<pose>Unspecified</pose>
		<truncated>0</truncated>
		<difficult>0</difficult>
		<bndbox>
			<xmin>44</xmin>
			<ymin>52</ymin>
			<xmax>125</xmax>
			<ymax>125</ymax>
		</bndbox>
	</object>
	<object>
		<name>leading edge</name>
		<pose>Unspecified</pose>
		<truncated>0</truncated>
		<difficult>0</difficult>
		<bndbox>
			<xmin>218</xmin>
			<ymin>107</ymin>
			<xmax>299</xmax>
			<ymax>184</ymax>
		</bndbox>
	</object>
</annotation>
