<annotation>
	<folder>JPEGImages</folder>
	<filename>94.jpg</filename>
	<path>C:\Users\sanhang\Desktop\JPEGImages\94.jpg</path>
	<source>
		<database>Unknown</database>
	</source>
	<size>
		<width>663</width>
		<height>574</height>
		<depth>3</depth>
	</size>
	<segmented>0</segmented>
	<object>
		<name>leading edge</name>
		<pose>Unspecified</pose>
		<truncated>0</truncated>
		<difficult>0</difficult>
		<bndbox>
			<xmin>426</xmin>
			<ymin>57</ymin>
			<xmax>510</xmax>
			<ymax>164</ymax>
		</bndbox>
	</object>
	<object>
		<name>leading edge</name>
		<pose>Unspecified</pose>
		<truncated>0</truncated>
		<difficult>0</difficult>
		<bndbox>
			<xmin>316</xmin>
			<ymin>270</ymin>
			<xmax>384</xmax>
			<ymax>358</ymax>
		</bndbox>
	</object>
</annotation>
