<annotation>
	<folder>JPEGImages</folder>
	<filename>96.jpg</filename>
	<path>C:\Users\sanhang\Desktop\JPEGImages\96.jpg</path>
	<source>
		<database>Unknown</database>
	</source>
	<size>
		<width>849</width>
		<height>838</height>
		<depth>3</depth>
	</size>
	<segmented>0</segmented>
	<object>
		<name>leading edge</name>
		<pose>Unspecified</pose>
		<truncated>0</truncated>
		<difficult>0</difficult>
		<bndbox>
			<xmin>328</xmin>
			<ymin>93</ymin>
			<xmax>404</xmax>
			<ymax>169</ymax>
		</bndbox>
	</object>
	<object>
		<name>leading edge</name>
		<pose>Unspecified</pose>
		<truncated>0</truncated>
		<difficult>0</difficult>
		<bndbox>
			<xmin>319</xmin>
			<ymin>535</ymin>
			<xmax>390</xmax>
			<ymax>615</ymax>
		</bndbox>
	</object>
</annotation>
